Corrig?,pm1,pm25,pm10,temperature,humidite
26/01/2026 16:00,2.024370085,3.214004616,6.047218457,16.49933333,35.44033333
26/01/2026 16:15,2.292210477,3.74792467,7.025752111,15.86066667,36.74433333
26/01/2026 16:30,1.572639274,2.654130116,5.175047157,15.481,37.16666667
26/01/2026 16:45,1.61661307,2.635591225,5.074762652,15.113,38.077
26/01/2026 17:00,1.41673218,2.427955649,4.980555996,14.551,38.665
26/01/2026 17:15,2.456112807,3.74792467,6.33287735,14.379,39.29566667
26/01/2026 17:30,2.340181891,3.677476885,6.393655837,14.372,39.07433333
26/01/2026 17:45,3.287617308,4.626668092,7.53021356,14.236,39.57666667
26/01/2026 18:00,3.571448172,5.542489295,8.311217128,14.02366667,39.91033333
26/01/2026 18:15,2.695969875,4.452402519,6.904195135,13.72166667,40.475
26/01/2026 18:30,3.035767387,4.211396939,6.864689118,13.51566667,41.01033333
26/01/2026 18:45,3.075743565,4.571051419,6.846455572,13.29033333,41.502
26/01/2026 19:00,3.41154346,4.901043675,7.062219203,12.95033333,42.006
26/01/2026 19:15,5.290423824,6.625160515,9.301906479,12.82866667,43.01266667
26/01/2026 19:30,4.562857386,7.307391694,10.02213156,12.81433333,43.639
26/01/2026 19:45,3.959217098,5.294068159,7.870573091,12.73133333,43.548
26/01/2026 20:00,14.20910913,17.6409694,18.71345532,12.17333333,45.353
26/01/2026 20:15,18.03882698,21.99390095,22.70356304,11.65833333,46.49633333
26/01/2026 20:30,19.07420999,22.72433324,25.59661906,11.24966667,47.48066667
26/01/2026 20:45,18.66245535,22.32018542,23.4329049,10.93033333,48.34233333
26/01/2026 21:00,17.62707234,21.50447423,23.8948214,10.59933333,49.25033333
26/01/2026 21:15,10.95504824,14.10374904,15.82647715,10.56333333,48.96033333
26/01/2026 21:30,13.2816618,16.75481042,19.20879999,10.34266667,49.58033333
26/01/2026 21:45,17.00344397,20.09181076,22.3996706,10.149,50.363
26/01/2026 22:00,17.40320575,20.61831525,21.68248445,10.09066667,50.46733333
26/01/2026 22:15,16.58769172,20.57752969,21.27222966,10.08366667,50.69466667
26/01/2026 22:30,16.8315464,20.31056967,21.73718509,9.971,50.87166667
26/01/2026 22:45,16.75958928,21.12628086,23.83708184,9.820666667,51.39733333
26/01/2026 23:00,13.30564751,16.12819591,17.72580489,9.859,51.55566667
26/01/2026 23:15,14.82873989,18.89049064,21.53053823,9.908333333,51.49666667
26/01/2026 23:30,13.3496213,15.91685256,17.43102923,9.846666667,51.55133333
26/01/2026 23:45,11.28685052,14.23352128,18.49769169,10.018,51.18933333
46049,8.656418009,10.87427427,12.85440909,10.04366667,50.683
27/01/2026 00:15,6.881475707,8.809041845,10.58129365,10.14066667,50.782
27/01/2026 00:30,7.768946858,10.07710197,13.24035249,10.192,50.62266667
27/01/2026 00:45,8.356596674,10.7519176,12.64776223,10.02633333,50.719
27/01/2026 01:00,7.716977827,10.43675645,11.93969285,9.878666667,51.208
27/01/2026 01:15,7.165306571,9.331838564,12.03086058,10.11433333,50.18633333
27/01/2026 01:30,5.630221337,7.318515029,9.487280867,10.341,49.36533333
27/01/2026 01:45,4.830697778,6.295168259,8.475319045,10.34766667,49.04733333
27/01/2026 02:00,4.338990789,6.161688246,8.134959513,10.428,48.592
27/01/2026 02:15,3.44752202,4.311506949,6.211320374,10.60266667,48.327
27/01/2026 02:30,3.191674481,4.393078068,6.992323942,10.69433333,47.97333333
27/01/2026 02:45,4.35498126,5.505411513,7.691276552,10.45466667,48.38
27/01/2026 03:00,2.675981786,4.263305833,6.448356476,10.504,48.07
27/01/2026 03:15,2.212258121,3.343776852,5.691664303,11.052,46.293
27/01/2026 03:30,2.136303383,3.180634613,5.147696837,11.49033333,45.88533333
27/01/2026 03:45,1.9604082,2.798733464,4.965361374,11.589,46.10766667
27/01/2026 04:00,2.204262886,3.340069074,5.925661481,11.76666667,44.817
27/01/2026 04:15,2.136303383,3.436471305,5.77979311,11.737,45.24466667
27/01/2026 04:30,2.628010372,3.68860022,6.645886562,11.964,45.16
27/01/2026 04:45,2.540062781,3.614444657,6.187008979,11.77166667,45.96066667
27/01/2026 05:00,2.19626765,3.540289094,5.825376976,11.95866667,47.029
27/01/2026 05:15,3.783321915,5.023400354,7.010557489,12.17433333,48.78133333
27/01/2026 05:30,2.364167598,4.181734714,6.85253342,12.708,49.598
27/01/2026 05:45,2.655993697,4.511726969,7.171620481,13.09033333,50.22866667
27/01/2026 06:00,2.671984168,3.896235796,7.849300621,13.361,50.745
27/01/2026 06:15,2.803905555,4.552512529,8.156231984,13.40833333,52.65766667
27/01/2026 06:30,2.951817414,4.674869208,8.849106745,13.31366667,55.589
27/01/2026 06:45,3.41154346,4.092748038,6.813027403,13.46666667,57.774
27/01/2026 07:00,3.875267125,4.541389194,7.335722399,13.58433333,59.16366667
27/01/2026 07:15,3.399550607,4.033423588,6.782638159,13.746,59.64033333
27/01/2026 07:30,3.991198041,4.667453651,7.478551845,13.90666667,61.342
27/01/2026 07:45,3.343583958,3.985222472,6.737054294,14.18,61.62533333
27/01/2026 08:00,3.295612544,3.955560246,6.67931473,14.29566667,62.47533333
27/01/2026 08:15,2.919836471,3.551412428,6.247787467,14.47,62.91266667
27/01/2026 08:30,1.65259163,2.249982297,4.813415154,14.87933333,62.57033333
27/01/2026 08:45,1.204858437,1.793925585,4.302875856,14.821,63.37566667
27/01/2026 09:00,1.576636892,2.168411178,4.716169574,15.10733333,62.881
27/01/2026 09:15,1.336779824,1.92369782,4.448744227,15.44333333,62.26766667
27/01/2026 09:30,1.480694065,2.079424502,4.615885069,15.48466667,62.44566667
27/01/2026 09:45,1.212853672,1.808756698,4.31199263,15.484,62.53933333
27/01/2026 10:00,1.232841761,1.812464476,4.327187252,15.77933333,62.35833333
27/01/2026 10:15,1.756529693,2.350092307,4.916738583,16.04366667,62.54766667
27/01/2026 10:30,2.400146158,3.013784596,5.65519721,16.21033333,63.07166667
27/01/2026 10:45,2.296208095,2.909966808,5.536679159,16.71933333,62.179
27/01/2026 11:00,2.895850764,3.540289094,6.235631769,16.765,61.87166667
27/01/2026 11:15,3.247641131,3.885112462,6.636769789,16.99,61.82966667
27/01/2026 11:30,4.970614401,5.675969308,8.60295387,17.09466667,62.89366667
27/01/2026 11:45,4.099133721,4.760148105,7.603147745,17.253,61.59866667
27/01/2026 12:00,4.842690631,5.520242626,8.435813028,17.401,61.469
27/01/2026 12:15,6.269840185,7.01447722,10.0889879,17.77966667,61.17433333
27/01/2026 12:30,8.396572852,9.183527438,12.48669924,18.46233333,60.93066667
27/01/2026 12:45,11.71459562,12.62063778,16.27927688,18.85066667,61.21633333
27/01/2026 13:00,11.9344646,12.84681225,16.53454653,19.048,60.52233333
27/01/2026 13:15,11.33482193,12.21278219,15.84471069,19.143,59.47566667
27/01/2026 13:30,11.72658848,12.62434556,16.29143258,19.326,58.97366667
27/01/2026 13:45,12.46215015,13.37331675,17.12105894,19.09866667,59.87033333
27/01/2026 14:00,15.03661601,16.02067035,20.06577667,19.216,60.491
27/01/2026 14:15,12.32223353,13.22500562,16.96911272,19.08233333,60.38633333
27/01/2026 14:30,14.20111389,15.16417359,19.12371011,19.20133333,60.39933333
27/01/2026 14:45,17.37522242,18.44184948,22.73699121,19.35933333,60.33066667
27/01/2026 15:00,17.29926768,18.34915503,22.63670671,19.155,61.26666667
27/01/2026 15:15,16.15594899,17.18120491,21.34516384,19.07033333,61.76533333
27/01/2026 15:30,16.52372983,17.56681384,21.76453541,18.85133333,62.503
27/01/2026 15:45,16.4717608,17.50748939,21.70679584,18.962,62.06566667
27/01/2026 16:00,14.14514724,15.12709581,19.06293162,18.93666667,61.70666667
27/01/2026 16:15,13.83733067,14.789688,18.70129962,18.87366667,61.575
27/01/2026 16:30,15.30845402,16.31358482,20.38790266,18.71066667,61.666
27/01/2026 16:45,15.92008954,16.93278377,21.07166065,18.58066667,61.795
27/01/2026 17:00,14.09317821,15.06406358,18.99303636,18.65266667,61.22166667
27/01/2026 17:15,14.33303528,15.30506916,19.27261741,18.59966667,61.66
27/01/2026 17:30,15.06060172,16.05404035,20.09008807,18.33233333,62.03033333
27/01/2026 17:45,14.89669939,15.88719033,19.91686938,18.48833333,62.004
27/01/2026 18:00,13.58548075,14.53385131,18.4247575,18.40733333,62.24166667
27/01/2026 18:15,12.86990717,13.80341901,17.60120899,18.385,62.134
27/01/2026 18:30,11.8225313,12.72074779,16.41298955,18.40833333,62.36766667
27/01/2026 18:45,10.34341272,11.21538986,14.73246437,18.44366667,62.26933333
27/01/2026 19:00,10.25146751,11.1078643,14.62306309,18.24566667,63.08633333
27/01/2026 19:15,11.1776742,12.05807834,15.67086326,18.07724138,63.46862069
27/01/2026 19:30,8.892277459,9.691493045,13.0671338,18.153,63.135
27/01/2026 19:45,6.669601964,7.407501704,10.52051516,18.055,62.66666667
27/01/2026 20:00,6.988446446,7.739156067,10.90184778,18.00793103,62.5762069
27/01/2026 20:15,8.630626926,9.425968287,12.76353545,18.01258065,63.22419355
27/01/2026 20:30,8.060772957,8.864658517,12.12202831,18.17833333,62.944
27/01/2026 20:45,8.940248872,9.765648608,13.11575659,18.04333333,63.603
27/01/2026 21:00,8.648422773,9.43936413,12.77539706,17.972,63.10466667
27/01/2026 21:15,6.017990263,6.740101637,9.77293976,18.027,61.58033333
27/01/2026 21:30,6.00599741,6.732686081,9.769900836,17.89,61.059
27/01/2026 21:45,5.106533406,5.816864878,8.757939013,17.711,61.291
27/01/2026 22:00,4.942631076,5.650014861,8.569525701,17.67366667,61.49133333
27/01/2026 22:15,3.887259978,4.552512529,7.356994869,17.83333333,61.18933333
27/01/2026 22:30,4.654802595,5.342269275,8.238282943,17.82966667,61.39433333
27/01/2026 22:45,4.75474304,5.457210397,8.347684221,17.837,61.78366667
27/01/2026 23:00,5.110531024,5.83169599,8.754900089,18.03233333,61.684
27/01/2026 23:15,4.494897883,5.17171148,8.052908555,18.243,61.38066667
27/01/2026 23:30,7.932849188,8.705224057,11.96704317,18.292,61.75666667
27/01/2026 23:45,5.154504819,5.857650437,8.809600728,17.79233333,63.48833333
46050,4.750745422,5.438671506,8.338567448,17.13666667,65.36733333
28/01/2026 00:15,4.42693838,5.108679251,7.967818672,17.20766667,64.99666667
28/01/2026 00:30,5.722166546,6.432356051,9.444735926,16.853,65.071
28/01/2026 00:45,4.726759715,5.416424838,8.302100355,16.737,64.709
28/01/2026 01:00,4.251043197,4.915874787,7.761171813,16.66866667,64.78133333
28/01/2026 01:15,2.695969875,3.325237961,6.00771244,16.20733333,63.958
28/01/2026 01:30,1.85247252,2.468741208,5.035256635,15.54433333,64.199
28/01/2026 01:45,1.432722651,2.020100052,4.545989808,15.428,63.89866667
28/01/2026 02:00,0.845072835,1.412024435,3.892621064,15.39033333,64.22333333
28/01/2026 02:15,1.820491577,2.42424787,5.001828466,15.37766667,63.776
28/01/2026 02:30,2.36016998,2.984122371,5.630885815,15.08866667,64.06033333
28/01/2026 02:45,2.79591032,3.432763527,6.114074793,14.85866667,63.81466667
28/01/2026 03:00,0.601218149,1.178434412,3.628234642,13.90733333,62.47766667
28/01/2026 03:15,0.521265793,1.085739958,3.524911212,12.97166667,61.892
28/01/2026 03:30,0.265418255,0.8410266,3.242291244,12.52333333,62.14866667
28/01/2026 03:45,0.385346788,0.94113661,3.360809295,12.227,61.64733333
28/01/2026 04:00,0.385346788,0.918889941,3.342575749,12.04433333,61.76533333
28/01/2026 04:15,0.125501632,0.674176584,3.132889966,11.942,60.40966667
28/01/2026 04:30,0.161480192,0.711254365,3.111617495,11.86133333,59.97733333
28/01/2026 04:45,0.149487338,0.700131031,3.093383949,11.76733333,59.75666667
28/01/2026 05:00,0.265418255,0.811364375,3.227096622,11.615,59.22533333
28/01/2026 05:15,0.213449223,0.811364375,3.369926068,11.84533333,58.96566667
28/01/2026 05:30,0.153484956,0.718669921,3.123773193,12.065,58.414
28/01/2026 05:45,0.137494485,0.685299918,3.764986239,12.17166667,58.02266667
28/01/2026 06:00,0.229439694,0.826195488,3.66166281,12.21966667,57.77466667
28/01/2026 06:15,0.493282469,1.107986627,3.913893534,12.531,58.148
28/01/2026 06:30,0.445311055,1.011584395,3.433743481,12.79566667,57.96033333
28/01/2026 06:45,0.361361082,0.92259772,3.339536825,12.88066667,58.38533333
28/01/2026 07:00,1.504679771,2.116502284,4.594612598,12.905,58.31766667
28/01/2026 07:15,0.897041866,1.786510029,4.387965739,12.93433333,57.64466667
28/01/2026 07:30,0.565239589,1.130233296,3.561378305,12.73133333,58.384
28/01/2026 07:45,0.649189563,1.196973303,3.649507112,12.74,59.04
28/01/2026 08:00,0.525263411,1.145064409,3.518833364,12.924,58.195
28/01/2026 08:15,0.589225296,1.285959978,4.366693269,13.08566667,55.93366667
28/01/2026 08:30,0.593222914,1.449102217,4.576379052,13.224,55.84666667
28/01/2026 08:45,0.857065688,2.309306748,5.099074047,13.33633333,56.095
28/01/2026 09:00,0.865060924,1.801341141,5.178086081,13.49533333,56.38866667
28/01/2026 09:15,1.848474902,2.998953484,6.107996945,13.71133333,56.23433333
28/01/2026 09:30,1.172877494,2.183242291,5.436394654,13.92333333,55.51333333
28/01/2026 09:45,1.592627363,2.453910096,4.846843322,13.931,55.87766667
28/01/2026 10:00,1.332782206,2.554020106,5.244942418,14.17366667,54.956
28/01/2026 10:15,1.348772677,2.12391784,4.986633844,14.97733333,53.801
28/01/2026 10:30,1.424727415,2.550312328,5.992517818,15.874,51.362
28/01/2026 10:45,1.300801264,2.542896771,4.980555996,16.71033333,49.65366667
28/01/2026 11:00,1.032960871,1.842126701,4.558145505,17.19166667,47.97766667
28/01/2026 11:15,0.953008515,2.235151185,5.466783898,17.02333333,47.65933333
28/01/2026 11:30,1.460705976,2.346384529,6.05633523,16.64733333,47.19166667
28/01/2026 11:45,1.292806028,2.928505699,6.278176711,17.602,45.07033333
28/01/2026 12:00,1.292806028,2.798733464,5.925661481,24.71466667,31.425
28/01/2026 12:15,1.28880841,2.346384529,5.746364942,25.78166667,29.87466667
28/01/2026 12:30,1.404739326,2.813564576,5.533640235,26.723,28.56333333
28/01/2026 12:45,1.280813175,2.602221222,5.114268669,23.78266667,31.53466667
28/01/2026 13:00,1.872460609,3.514334647,6.375422291,21.924,33.55633333
28/01/2026 13:15,1.368760766,2.350092307,5.020062013,20.50933333,35.40333333
28/01/2026 13:30,0.917029955,2.542896771,5.372577242,18.978,38.498
28/01/2026 13:45,0.797101421,1.534381114,4.065839754,21.58466667,33.86233333
28/01/2026 14:00,0.769118097,1.816172254,4.157007486,21.53133333,33.88433333
28/01/2026 14:15,1.060944196,2.238858963,5.995556742,22.39033333,32.526
28/01/2026 14:30,0.81708951,1.727185578,4.552067656,23.71766667,29.07233333
28/01/2026 14:45,0.869058542,1.868081148,4.594612598,22.958,30.58266667
28/01/2026 15:00,0.729141919,1.753140025,4.552067656,23.02333333,31.00466667
28/01/2026 15:15,1.224846526,2.275936744,5.506289915,21.73533333,32.318
28/01/2026 15:30,1.092925138,1.871788926,4.65843001,19.15333333,35.46666667
28/01/2026 15:45,1.084929903,1.627075568,4.649313237,18.594,36.514
28/01/2026 16:00,1.432722651,2.557727884,5.752442791,17.00033333,39.69066667
28/01/2026 16:15,1.10891561,2.160995622,4.688819254,16.415,40.92266667
28/01/2026 16:30,1.124906081,2.12391784,4.403160361,15.776,42.25666667
28/01/2026 16:45,1.408736944,2.342676751,5.214553174,15.56633333,43.22566667
28/01/2026 17:00,1.984393907,3.225127951,5.840571598,15.383,43.33166667
28/01/2026 17:15,1.780515399,3.421640193,6.411889384,15.07433333,44.56533333
28/01/2026 17:30,2.691972257,4.066793591,6.913311908,14.90766667,45.03666667
28/01/2026 17:45,2.076339116,3.091647937,6.387577989,14.77266667,45.449
28/01/2026 18:00,2.97580312,4.296675836,7.089569523,14.545,46.58533333
28/01/2026 18:15,4.902654898,6.962568326,9.739511592,14.426,46.76333333
28/01/2026 18:30,3.17568401,4.715654767,6.919389757,14.29166667,46.86866667
28/01/2026 18:45,3.3755649,5.153172589,8.724510845,14.07233333,46.574
28/01/2026 19:00,3.099729272,4.478356966,7.794599982,13.88833333,46.17266667
28/01/2026 19:15,2.520074692,3.710846889,5.886155464,13.761,45.87666667
28/01/2026 19:30,2.200265268,3.191757948,5.649119362,13.64833333,45.70833333
28/01/2026 19:45,1.768522546,2.698623454,5.30875983,13.56733333,45.94566667
28/01/2026 20:00,2.97580312,4.463525853,7.727743645,13.366,47.71266667
28/01/2026 20:15,2.675981786,4.378246956,7.557563879,13.36666667,48.283
28/01/2026 20:30,2.887855529,4.556220307,7.87665094,13.238,48.835
28/01/2026 20:45,2.220253357,3.58849021,6.730976445,13.152,48.847
28/01/2026 21:00,2.200265268,3.6070291,7.287099608,13.005,48.934
28/01/2026 21:15,2.100324823,3.262205732,5.709897849,12.92033333,48.98166667
28/01/2026 21:30,1.968403436,3.503211312,6.111035869,12.892,48.82166667
28/01/2026 21:45,1.880455844,3.228835729,7.047024581,12.71533333,49.01733333
28/01/2026 22:00,1.804501106,3.139849053,5.770676337,12.623,48.974
28/01/2026 22:15,2.184274797,3.310406848,5.849688371,12.53466667,49.097
28/01/2026 22:30,1.860467755,3.188050169,5.576185176,12.53333333,49.335
28/01/2026 22:45,1.964405818,3.351192408,6.05633523,12.31733333,50.41633333
28/01/2026 23:00,1.816493959,3.188050169,6.813027403,12.368,50.45166667
28/01/2026 23:15,1.560646421,3.017492374,6.393655837,12.423,50.32666667
28/01/2026 23:30,1.752532075,2.895135695,5.18416393,12.411,50.549
28/01/2026 23:45,2.144298619,3.755340226,7.445123677,12.13833333,51.697
46051,1.784513017,3.125017941,5.864882993,12.06866667,51.12866667
29/01/2026 00:15,1.884453462,3.199173504,5.472861747,12.05133333,51.52633333
29/01/2026 00:30,2.4321271,3.562535763,6.533446359,11.917,52.464
29/01/2026 00:45,2.404143776,3.50691909,7.87665094,11.79966667,52.967
29/01/2026 01:00,2.663988932,4.144656932,6.597263772,11.656,53.937
29/01/2026 01:15,2.320193802,3.128725719,5.424238957,11.52566667,53.73766667
29/01/2026 01:30,2.200265268,3.681184663,6.156619735,11.46233333,53.18766667
29/01/2026 01:45,2.200265268,3.532873537,5.80714343,11.41466667,53.32466667
29/01/2026 02:00,2.715957964,3.981514693,6.323760576,11.255,54.57066667
29/01/2026 02:15,3.367569664,5.301483715,8.335528523,11.086,55.67766667
29/01/2026 02:30,3.415541078,4.634083648,6.904195135,10.91766667,56.08266667
29/01/2026 02:45,3.415541078,5.61293708,8.666771282,10.94,55.93133333
29/01/2026 03:00,3.363572047,4.552512529,7.001440716,10.92166667,55.54366667
29/01/2026 03:15,3.159693539,4.526558082,7.57883635,10.83833333,55.81966667
29/01/2026 03:30,2.93982456,4.278136945,7.183776179,10.75033333,55.804
29/01/2026 03:45,3.051757859,4.226228051,6.35414982,10.77333333,55.281
29/01/2026 04:00,2.923834089,4.0482547,6.837338798,10.724,54.939
29/01/2026 04:15,2.472103278,3.985222472,6.293371332,10.65166667,54.484
29/01/2026 04:30,2.628010372,3.658937994,7.448162601,10.61566667,54.058
29/01/2026 04:45,2.180277179,3.495795756,6.624614091,10.643,53.813
29/01/2026 05:00,2.212258121,3.110186828,6.384539064,10.551,53.94133333
29/01/2026 05:15,3.059753094,4.522850303,7.645692686,10.569,54.52733333
29/01/2026 05:30,2.655993697,4.281844724,6.901156211,10.531,54.65733333
29/01/2026 05:45,2.46810566,3.918482465,6.901156211,10.55566667,53.49833333
29/01/2026 06:00,2.460110425,4.181734714,7.122997691,10.61966667,53.122
29/01/2026 06:15,2.86786744,3.877696905,7.788522133,10.667,52.86433333
29/01/2026 06:30,2.416136629,3.558827984,6.512173889,10.74666667,52.62833333
29/01/2026 06:45,2.771924613,4.700823655,7.794599982,10.75866667,52.48033333
29/01/2026 07:00,2.97580312,4.508019191,6.67931473,10.84733333,52.28733333
29/01/2026 07:15,3.135707832,4.771271439,7.168581557,10.89333333,52.31266667
29/01/2026 07:30,3.307605397,4.949244791,9.280634009,11.22866667,52.047
29/01/2026 07:45,2.092329587,3.265913511,6.275137786,11.72533333,51.17666667
29/01/2026 08:00,2.544060398,3.877696905,7.463357223,11.598,52.32633333
29/01/2026 08:15,2.404143776,3.773879117,6.767443537,12.18933333,51.394
29/01/2026 08:30,2.743941288,4.396785846,7.584914199,12.545,49.914
29/01/2026 08:45,3.071745948,4.196565826,7.198970801,12.959,48.526
29/01/2026 09:00,3.615421968,5.690800421,10.01301479,12.742,48.37266667
29/01/2026 09:15,3.3755649,5.63147597,8.289944657,13.02266667,47.75366667
29/01/2026 09:30,2.787915084,4.574759198,7.308372079,13.34133333,47.12866667
29/01/2026 09:45,2.959812649,4.834303668,7.539330333,14.16966667,45.84066667
29/01/2026 10:00,2.715957964,4.63037587,7.047024581,14.83833333,43.90266667
29/01/2026 10:15,3.163691157,4.734193658,8.511786138,15.796,41.70233333
29/01/2026 10:30,2.86786744,4.444986962,6.913311908,16.527,40.544
29/01/2026 10:45,2.556053252,4.237351386,6.998401791,17.146,38.54166667
29/01/2026 11:00,2.048355792,3.540289094,6.235631769,17.49233333,38.06366667
29/01/2026 11:15,1.884453462,2.991537927,7.223282196,17.28833333,38.43666667
29/01/2026 11:30,2.208260504,3.484672421,6.278176711,16.97466667,38.961
29/01/2026 11:45,2.464108042,3.703431332,7.976935445,18.74566667,35.72866667
29/01/2026 12:00,2.520074692,4.159488045,7.122997691,24.53166667,26.62633333
29/01/2026 12:15,2.480098514,3.84803468,7.138192313,25.27666667,25.25566667
29/01/2026 12:30,2.276220006,3.6070291,7.375228416,28.83066667,21.31366667
29/01/2026 12:45,1.72454875,3.377146855,6.147502962,29.46966667,20.31933333
29/01/2026 13:00,1.480694065,2.617052334,5.068684803,29.74633333,19.99966667
29/01/2026 13:15,1.664584483,2.928505699,6.724898596,29.76966667,19.83366667
29/01/2026 13:30,1.256827468,2.320430082,5.579224101,29.08166667,20.57366667
29/01/2026 13:45,1.280813175,2.80614902,6.466590023,25.90833333,23.593
29/01/2026 14:00,1.968403436,3.480964643,6.515212813,26.48666667,23.01366667
29/01/2026 14:15,1.168879876,2.20548896,4.895466113,26.077,23.64766667
29/01/2026 14:30,1.484691682,2.52435788,5.375616166,25.87766667,23.688
29/01/2026 14:45,1.356767913,2.22402785,4.889388264,26.47633333,23.82633333
29/01/2026 15:00,1.236839379,2.261105632,5.962128574,24.53066667,26.17966667
29/01/2026 15:15,1.448713122,2.635591225,5.092996198,21.89433333,28.51966667
29/01/2026 15:30,1.784513017,2.731993457,6.867728042,18.592,32.91266667
29/01/2026 15:45,1.428725033,2.516942324,5.102112971,17.45133333,34.53233333
29/01/2026 16:00,1.840479666,3.132433497,6.472667872,16.82266667,36.04433333
29/01/2026 16:15,1.65259163,2.772779017,6.275137786,16.48366667,36.90666667
29/01/2026 16:30,2.036362938,3.662645773,5.773715262,16.23733333,37.784
29/01/2026 16:45,2.332186655,3.495795756,7.293177457,15.95833333,39.60766667
29/01/2026 17:00,2.516077074,3.770171339,7.034868884,15.67733333,42.15633333
29/01/2026 17:15,2.276220006,3.558827984,7.998207916,15.46266667,42.38833333
29/01/2026 17:30,4.131114664,5.650014861,7.894884486,15.21866667,43.60433333
29/01/2026 17:45,2.847879351,3.925898021,6.548640981,15.10333333,43.47933333
29/01/2026 18:00,3.047760241,4.241059164,6.907234059,14.944,42.84633333
29/01/2026 18:15,2.911841236,4.222520273,6.329838425,14.86433333,42.64366667
29/01/2026 18:30,3.463512492,4.671161429,7.560602803,14.51366667,43.07366667
29/01/2026 18:45,4.023178983,6.109779352,8.062025328,13.885,43.88233333
29/01/2026 19:00,7.073361362,9.991823075,12.39553151,13.557,45.232
29/01/2026 19:15,13.64544502,18.05994833,20.71002864,13.328,47.072
29/01/2026 19:30,10.77915306,13.56612121,15.85078854,13.13166667,46.75933333
29/01/2026 19:45,4.550864532,6.280337147,8.308178204,13.09466667,46.33366667
29/01/2026 20:00,6.881475707,9.068586315,12.41680398,12.98066667,47.56366667
29/01/2026 20:15,3.079741183,4.278136945,6.946740077,13.064,46.483
29/01/2026 20:30,4.087140868,5.735293758,8.27778896,13.09166667,46.47666667
29/01/2026 20:45,9.623841516,12.39075554,14.83882672,12.66766667,47.201
29/01/2026 21:00,9.419963008,12.16458107,14.7111919,12.24933333,47.91733333
29/01/2026 21:15,9.495917746,12.1423344,14.40122161,12.17533333,47.942
29/01/2026 21:30,7.808923036,10.02519308,12.32867517,12.23033333,47.919
29/01/2026 21:45,14.40099478,17.64467718,18.02058056,12.45566667,48.655
29/01/2026 22:00,14.06519489,16.94390711,19.11459334,12.544,48.77866667
29/01/2026 22:15,11.76656465,15.08260247,17.22742129,12.403,48.40833333
29/01/2026 22:30,13.53351172,15.95022256,17.67414318,12.18833333,49.268
29/01/2026 22:45,13.54550457,16.38032483,18.36701794,11.76266667,50.35966667
29/01/2026 23:00,14.67683041,17.44074938,20.69483402,11.53066667,50.65766667
29/01/2026 23:15,17.33124863,22.14962763,22.6488624,11.408,51.30433333
29/01/2026 23:30,20.22152629,25.0898957,27.17685975,11.30833333,51.05966667
29/01/2026 23:45,17.14336059,20.12518076,21.54269393,11.31633333,50.656
46052,15.43637779,19.10554177,19.9199083,11.231,51.07566667
30/01/2026 00:15,11.04699345,13.58836788,15.36152171,11.31433333,50.83833333
30/01/2026 00:30,7.625032617,10.30698422,14.03047283,11.56266667,50.13266667
30/01/2026 00:45,6.40575919,8.994430752,11.11006649,11.82266667,49.98766667
30/01/2026 01:00,5.946033143,7.971083983,9.614915692,12.023,49.79966667
30/01/2026 01:15,8.312622878,10.26990644,12.12506724,12.14833333,49.828
30/01/2026 01:30,12.64204295,16.17268925,18.18164355,12.206,49.96666667
30/01/2026 01:45,7.017394712,8.864658517,10.4384642,12.48633333,49.995
30/01/2026 02:00,6.437740132,8.453095143,12.21927389,12.61733333,50.15133333
30/01/2026 02:15,6.521690106,8.33815402,10.18623348,12.726,50.28633333
30/01/2026 02:30,7.453135052,9.33925412,11.38053076,12.89033333,50.204
30/01/2026 02:45,5.33439762,6.610329402,8.016441462,13.05333333,50.10666667
30/01/2026 03:00,7.740963534,10.04743975,13.34671484,13.17233333,50.463
30/01/2026 03:15,6.257847331,7.744909516,11.09487187,13.17533333,50.641
30/01/2026 03:30,6.001999792,7.633676171,10.27132336,13.09133333,51.72633333
30/01/2026 03:45,5.858085552,7.288852803,9.663538482,13.19066667,52.14333333
30/01/2026 04:00,3.815302858,5.705631533,8.432774104,13.64866667,52.81133333
30/01/2026 04:15,3.859276653,5.334853718,8.985858343,14.15133333,53.77733333
30/01/2026 04:30,3.8472838,6.361908266,9.511592262,14.56633333,54.589
30/01/2026 04:45,3.711364795,4.367123621,7.153386935,14.77666667,58.31433333
30/01/2026 05:00,4.818704924,5.520242626,8.426696255,14.802,59.266
30/01/2026 05:15,3.523476758,4.185442492,6.946740077,14.89433333,58.125
30/01/2026 05:30,2.819896026,4.226228051,6.961934698,14.708,57.29633333
30/01/2026 05:45,3.599431497,5.609229301,9.481203019,14.52733333,57.38133333
30/01/2026 06:00,2.895850764,4.407909181,8.305139279,14.331,57.101
30/01/2026 06:15,3.367569664,4.674869208,7.347878096,13.973,57.691
30/01/2026 06:30,4.103131339,4.819472555,7.651770535,13.823,58.24366667
30/01/2026 06:45,2.288212859,2.94704459,5.664313984,13.92066667,57.463
30/01/2026 07:00,3.555457701,5.101263695,7.733821494,14.005,57.368
30/01/2026 07:15,4.239050344,5.412717059,8.922040931,14.13333333,56.83466667
30/01/2026 07:30,2.79591032,4.411616959,8.694121601,14.28133333,56.31
30/01/2026 07:45,2.152293854,3.892528018,6.484823569,14.489,55.665
30/01/2026 08:00,3.523476758,5.279237046,7.973896521,14.54533333,55.38133333
30/01/2026 08:15,3.68338147,5.794618209,9.69696665,14.80233333,54.89066667
30/01/2026 08:30,5.270435735,7.39637837,12.52316633,14.95733333,53.82966667
30/01/2026 08:45,3.551460083,5.17171148,8.946352326,14.78933333,53.85
30/01/2026 09:00,3.371567282,5.423840394,9.222894445,15.03066667,53.146
30/01/2026 09:15,2.995791209,5.71304709,9.718239121,15.43066667,52.162
30/01/2026 09:30,2.911841236,4.203981382,8.894690611,15.95533333,51.251
30/01/2026 09:45,2.691972257,4.304091393,7.317488852,16.60466667,49.70966667
30/01/2026 10:00,3.119717361,5.075309248,10.58433257,17.49566667,47.684
30/01/2026 10:15,2.46810566,3.833203567,6.849494496,17.95033333,46.15566667
30/01/2026 10:30,2.655993697,3.855450236,7.423851206,18.75133333,44.39
30/01/2026 10:45,2.216255739,3.614444657,6.001634591,19.65166667,42.632
30/01/2026 11:00,1.92442964,3.043446822,7.202009725,20.40766667,41.379
30/01/2026 11:15,1.352770295,2.795025685,5.305720905,20.13166667,40.17366667
30/01/2026 11:30,1.41673218,2.761655682,5.971245347,19.843,40.50433333
30/01/2026 11:45,1.640598776,2.735701235,5.311798754,22.19233333,35.869
30/01/2026 12:00,1.508677389,2.509526768,6.144464037,27.093,27.99933333
30/01/2026 12:15,1.020968018,1.667861128,4.761753439,28.01966667,25.659
30/01/2026 12:30,1.256827468,2.420540092,5.083879425,26.42366667,27.60433333
30/01/2026 12:45,1.696565426,3.417932415,6.092802323,28.33633333,25.30033333
30/01/2026 13:00,1.768522546,3.354900186,7.724704721,31.74033333,21.66533333
30/01/2026 13:15,1.640598776,3.169511279,6.579030225,28.55966667,24.615
30/01/2026 13:30,2.791912702,4.252182498,7.40561766,28.72966667,26.093
30/01/2026 13:45,4.187081313,7.451995042,12.19192358,24.91066667,32.15333333
30/01/2026 14:00,4.043167072,6.528758283,11.31671335,24.253,32.957
30/01/2026 14:15,4.115124192,6.495388279,13.02762778,26.882,29.45666667
30/01/2026 14:30,3.759336208,6.165396024,11.37445291,27.903,28.303
30/01/2026 14:45,3.843286182,6.239551587,8.958508023,27.14466667,28.79266667
30/01/2026 15:00,3.30360778,5.549904851,9.67569418,27.18366667,29.541
30/01/2026 15:15,4.075148014,6.680777187,12.03693843,24.773,32.48866667
30/01/2026 15:30,4.834695396,7.548397274,12.53228311,21.403,38.876
30/01/2026 15:45,4.478907412,6.703023856,10.35033539,21.43666667,39.01666667
30/01/2026 16:00,4.742750186,7.522442827,10.82744652,19.61533333,41.95366667
30/01/2026 16:15,5.06255961,7.941421758,14.36779344,18.77566667,43.595
30/01/2026 16:30,6.361785394,9.632168594,15.8082436,18.023,46.65533333
30/01/2026 16:45,5.738157018,10.01036197,17.13321463,17.56633333,46.48333333
30/01/2026 17:00,7.521094555,11.73447881,18.36701794,17.24333333,47.884
30/01/2026 17:15,6.837501912,10.86315094,19.00215314,17.127,48.15866667
30/01/2026 17:30,5.718168929,9.854635283,15.82647715,17.08966667,47.53666667
30/01/2026 17:45,5.366378563,7.911759533,13.52297246,17.01766667,47.509
30/01/2026 18:00,4.303012229,6.751224972,12.41680398,16.81266667,47.72833333
30/01/2026 18:15,5.622226102,8.49758848,13.98488897,16.394,49.02433333
30/01/2026 18:30,8.064770575,12.52423555,19.1601772,15.993,50.96966667
30/01/2026 18:45,11.98243602,16.49155817,23.61524036,15.398,51.80233333
30/01/2026 19:00,14.9206851,20.34393967,25.54191842,14.85966667,52.89033333
30/01/2026 19:15,17.49115334,23.35465553,30.0243319,14.53833333,52.797
30/01/2026 19:30,18.73841009,25.34202462,32.46154926,14.19666667,53.04233333
30/01/2026 19:45,16.52772745,20.57752969,26.12235298,13.85333333,53.327
30/01/2026 20:00,16.95947017,20.87785972,27.52937498,13.569,53.76033333
30/01/2026 20:15,21.75661153,28.20813713,32.42204325,13.303,54.66033333
30/01/2026 20:30,20.18155012,26.09841136,30.47409271,13.12566667,55.02433333
30/01/2026 20:45,19.33805276,24.48923564,29.13392705,13.002,55.64466667
30/01/2026 21:00,19.38602417,25.23449905,29.31626252,12.90366667,55.65166667
30/01/2026 21:15,19.56591697,25.77583466,28.97286406,12.71966667,55.89666667
30/01/2026 21:30,18.86633386,23.59195333,29.54418185,12.63266667,55.84533333
30/01/2026 21:45,15.31644926,19.93608407,24.69405852,12.43733333,55.219
30/01/2026 22:00,15.55630633,21.23380643,26.01599063,12.31833333,55.52033333
30/01/2026 22:15,13.25767609,18.01545499,21.74934078,12.40133333,54.94333333
30/01/2026 22:30,14.07718774,18.11927278,23.36604856,12.319,55.14266667
30/01/2026 22:45,15.98804905,21.15223531,27.08873094,12.32133333,55.70266667
30/01/2026 23:00,12.53010965,15.88348256,21.0291157,12.43,55.386
30/01/2026 23:15,12.42217397,16.962446,19.93510292,12.66433333,55.23433333
30/01/2026 23:30,7.768946858,11.36740877,17.86863434,12.86266667,55.33266667
30/01/2026 23:45,7.700987356,11.65290769,17.28212193,13.28133333,54.747
46053,10.45534602,14.91204468,20.84374132,13.45866667,54.02866667
31/01/2026 00:15,10.89508397,14.90462912,18.92618003,13.098,54.15633333
31/01/2026 00:30,8.456537119,11.56021323,19.02950345,13.071,54.06633333
31/01/2026 00:45,8.552479946,11.74560214,16.6804149,13.01666667,54.23933333
31/01/2026 01:00,8.324615732,11.94211438,17.36721181,13.07466667,53.45466667
31/01/2026 01:15,7.677001649,10.85944316,14.64433556,12.90566667,52.37766667
31/01/2026 01:30,7.133325629,9.187235216,14.2128083,12.87766667,52.32733333
31/01/2026 01:45,5.846092698,8.582867378,11.02193768,13.07333333,51.96733333
31/01/2026 02:00,4.654802595,6.803133866,10.8244076,13.29033333,51.524
31/01/2026 02:15,5.122523877,7.548397274,10.33514077,13.32233333,50.73033333
31/01/2026 02:30,5.590245159,8.208381785,13.46827182,13.43966667,50.292
31/01/2026 02:45,6.233861624,8.890612964,11.42003678,13.40133333,50.12633333
31/01/2026 03:00,4.958621547,7.19615835,11.3349469,13.346,50.782
31/01/2026 03:15,4.766735893,7.251775022,11.85156404,13.55433333,50.609
31/01/2026 03:30,3.635410057,5.193958149,10.6755003,13.821,54.03833333
31/01/2026 03:45,3.959217098,5.705631533,11.08271617,13.84166667,55.12933333
31/01/2026 04:00,3.64740291,5.3719315,8.414540557,13.29433333,56.647
31/01/2026 04:15,3.487498198,5.164295923,8.836951048,13.201,56.946
31/01/2026 04:30,3.61142435,4.83059589,8.259555413,13.02933333,57.87066667
31/01/2026 04:45,3.355576811,4.014884697,6.758326764,12.87266667,58.472
31/01/2026 05:00,3.095731654,3.736801336,6.448356476,12.984,58.331
31/01/2026 05:15,2.392150922,3.002661262,5.652158286,13.033,58.197
31/01/2026 05:30,2.256231917,2.880304583,5.497173142,12.97233333,58.14633333
31/01/2026 05:45,1.956410582,2.561435662,5.15681361,13.07866667,58.21733333
31/01/2026 06:00,1.984393907,2.594805665,5.190241779,13.33833333,57.599
31/01/2026 06:15,1.240836997,1.812464476,4.339342949,13.57933333,57.24533333
31/01/2026 06:30,0.929022809,1.827295588,4.418354983,13.716,57.06033333
31/01/2026 06:45,1.756529693,2.353800086,4.928894281,13.67233333,57.548
31/01/2026 07:00,1.900443933,2.502111212,5.092996198,13.68633333,57.92666667
31/01/2026 07:15,2.416136629,3.036031265,5.676469681,13.64466667,58.45033333
31/01/2026 07:30,2.763929377,3.391977968,6.074568776,13.59066667,59.267
31/01/2026 07:45,2.70396511,3.321530183,6.013790289,13.63166667,59.54833333
31/01/2026 08:00,4.059157543,4.726778102,7.55148603,13.63266667,59.89366667
31/01/2026 08:15,2.83188888,3.458717974,6.147502962,13.63766667,60.31933333
31/01/2026 08:30,3.131710214,3.777586895,6.503057115,13.59433333,60.807
31/01/2026 08:45,2.675981786,3.314114626,5.998595667,13.62033333,60.80633333
31/01/2026 09:00,2.148296237,2.769071238,5.38473294,13.43,60.54866667
31/01/2026 09:15,2.651996079,3.291867958,5.943895028,13.098,60.356
31/01/2026 09:30,2.651996079,3.280744623,5.946933952,12.718,59.68666667
31/01/2026 09:45,1.388748855,1.968191158,4.506483791,12.67366667,59.46133333
31/01/2026 10:00,1.364763148,1.960775602,4.48521132,12.78666667,59.54933333
31/01/2026 10:15,1.516672625,2.097963393,4.65843001,13.18133333,59.16
31/01/2026 10:30,1.800503488,2.402001202,4.974478147,13.59266667,58.47066667
31/01/2026 10:45,2.751936524,3.388270189,6.065452003,13.98433333,58.26966667
31/01/2026 11:00,2.93982456,3.566243541,6.269059937,14.39333333,57.66966667
31/01/2026 11:15,2.663988932,3.302991292,6.372383367,14.51566667,56.62533333
31/01/2026 11:30,3.559455319,4.400493624,7.964779747,14.77366667,56.32033333
31/01/2026 11:45,3.383560136,4.54880475,7.536291408,15.193,55.912
31/01/2026 12:00,3.627414821,4.964075903,7.961740823,15.26,54.60633333
31/01/2026 12:15,4.04716469,6.17281158,8.855184594,15.36966667,54.67233333
31/01/2026 12:30,4.095136103,6.11348713,9.02536436,15.603,54.658
31/01/2026 12:45,2.56005087,4.34858473,8.861262443,15.74966667,53.69066667
31/01/2026 13:00,2.66798655,4.000053584,6.594224847,15.95733333,53.192
31/01/2026 13:15,2.452115189,3.566243541,5.564029479,16.32133333,52.435
31/01/2026 13:30,3.295612544,4.897335897,8.110648118,16.778,51.40833333
31/01/2026 13:45,3.543464847,6.198766027,10.04036511,17.80166667,49.30566667
31/01/2026 14:00,4.762738275,7.181327237,10.4384642,17.742,48.28833333
31/01/2026 14:15,5.038573903,7.707831734,13.12487336,16.98566667,50.345
31/01/2026 14:30,5.186485762,7.533566161,11.07967725,16.482,51.87
31/01/2026 14:45,5.550268981,8.130518443,11.76039631,15.98733333,53.144
31/01/2026 15:00,4.474909794,6.45460272,11.01585984,16.15633333,53.46133333
31/01/2026 15:15,4.914647752,7.288852803,11.1981953,16.378,53.34733333
31/01/2026 15:30,5.358383327,7.159080568,10.61776074,16.722,52.75366667
31/01/2026 15:45,3.163691157,4.356000287,7.396500886,17.35166667,52.125
31/01/2026 16:00,3.887259978,5.991130451,9.514631187,17.29333333,51.53366667
31/01/2026 16:15,3.899252831,5.256990377,8.016441462,16.75866667,52.11733333
31/01/2026 16:30,3.803310004,5.379347056,8.511786138,16.07733333,53.415
31/01/2026 16:45,3.943226627,5.119802586,8.469241196,15.51233333,54.18233333
31/01/2026 17:00,4.287021758,5.653722639,8.520902911,15.04033333,54.81566667
31/01/2026 17:15,3.667390999,5.457210397,7.806755679,14.71533333,55.277
31/01/2026 17:30,3.523476758,4.945537013,8.022519311,14.355,55.64933333
31/01/2026 17:45,4.486902647,6.2543827,9.12260994,14.22133333,56.198
31/01/2026 18:00,5.06255961,6.309999372,8.384151313,13.969,57.194
31/01/2026 18:15,5.578252306,6.261798256,9.165154882,13.70733333,57.621
31/01/2026 18:30,8.420558559,9.228020776,12.53532203,13.55733333,58.20066667
31/01/2026 18:45,9.583865338,10.4293409,13.85117629,13.399,58.24133333
31/01/2026 19:00,16.79157022,17.84118942,22.07146677,13.32033333,58.98633333
31/01/2026 19:15,21.94849718,23.15072773,27.95482439,13.204,59.48966667
31/01/2026 19:30,24.52296304,25.79437355,30.87523073,13.102,59.684
31/01/2026 19:45,14.59687805,15.58315253,19.570432,13.094,59.49
31/01/2026 20:00,8.920260783,9.735986382,13.10056197,13.12433333,59.15933333
31/01/2026 20:15,9.256060678,10.08080975,13.47434967,13.136,59.109
31/01/2026 20:30,10.35540557,11.21538986,14.73854221,13.15733333,58.89833333
31/01/2026 20:45,9.711789107,10.57394424,14.01831713,13.27233333,58.83833333
31/01/2026 21:00,9.140129762,9.954745293,13.34367592,13.30033333,58.67733333
31/01/2026 21:15,7.133325629,7.911759533,11.07967725,13.25766667,58.598
31/01/2026 21:30,5.574254688,6.287752703,9.286711857,13.078,58.53133333
31/01/2026 21:45,4.650804977,5.327438162,8.226127245,12.84766667,58.40033333
31/01/2026 22:00,4.315005082,5.434963728,8.481396894,12.91366667,57.106
31/01/2026 22:15,3.007784063,4.68970032,6.712742898,13.00633333,56.04233333
31/01/2026 22:30,2.528069927,3.4883802,6.107996945,12.95833333,55.95466667
31/01/2026 22:45,3.519479141,5.245867043,7.277982835,12.84466667,55.89466667
31/01/2026 23:00,3.055755476,4.452402519,7.609225594,12.892,55.59233333
31/01/2026 23:15,1.940420111,3.069401269,6.308565954,12.91166667,55.54
31/01/2026 23:30,1.828486813,3.310406848,6.247787467,12.825,55.73333333
31/01/2026 23:45,1.584632127,2.516942324,4.944088903,12.77233333,55.79033333
46054,2.056351027,3.254790176,5.585301949,12.867,55.70966667
01/02/2026 00:15,1.876458226,3.162095722,5.372577242,12.76433333,56.04366667
01/02/2026 00:30,1.900443933,2.858057914,6.345033047,12.60533333,56.47066667
01/02/2026 00:45,1.700563043,2.50581899,5.290526283,12.48266667,56.806
01/02/2026 01:00,1.672579719,2.80614902,5.788909884,12.31766667,57.12433333
01/02/2026 01:15,2.220253357,2.843226801,5.457667125,12.35266667,57.29533333
01/02/2026 01:30,2.040360556,2.639299003,5.247981342,12.11133333,57.88133333
01/02/2026 01:45,2.288212859,2.921090143,5.548834857,11.88133333,58.25333333
01/02/2026 02:00,2.084334352,2.694915675,5.311798754,12.19166667,57.71066667
01/02/2026 02:15,2.32419142,3.458717974,5.649119362,12.13333333,57.42066667
01/02/2026 02:30,1.816493959,2.539188993,4.85899902,12.32233333,56.75566667
01/02/2026 02:45,2.636005608,3.940729134,6.655003335,12.17,56.446
01/02/2026 03:00,3.075743565,4.678576986,7.40561766,11.91633333,56.481
01/02/2026 03:15,4.303012229,5.63147597,8.350723145,11.82033333,56.34633333
01/02/2026 03:30,5.354385709,6.584374955,9.854990719,11.84466667,56.29066667
01/02/2026 03:45,6.085949766,8.493880702,11.79382448,12.01266667,55.94133333
01/02/2026 04:00,6.153909268,7.229528353,10.53874871,12.121,55.67033333
01/02/2026 04:15,4.762738275,6.784594975,9.602759994,12.615,53.68166667
01/02/2026 04:30,4.315005082,6.843919425,8.317294977,12.92633333,52.34133333
01/02/2026 04:45,4.478907412,6.506511614,8.712355148,12.947,51.84833333
01/02/2026 05:00,4.710769244,6.187642693,8.779211484,12.883,51.902
01/02/2026 05:15,3.967212334,5.661138195,8.271711111,12.70833333,52.10933333
01/02/2026 05:30,4.263036051,5.353392609,8.994975116,12.95333333,51.42366667
01/02/2026 05:45,4.610828799,6.428648273,9.180349504,12.75666667,52.065
01/02/2026 06:00,5.086545317,6.810549422,10.51443731,12.53566667,52.81933333
01/02/2026 06:15,5.266438118,7.433456151,9.854990719,12.18133333,53.69533333
01/02/2026 06:30,5.722166546,8.252875122,10.5873715,11.85266667,54.67033333
01/02/2026 06:45,4.886664427,6.576959399,9.970469845,12.007,54.69633333
01/02/2026 07:00,4.48290503,5.97259156,7.885767713,12.26733333,54.10133333
01/02/2026 07:15,4.578847857,6.565836064,10.07379327,12.20866667,54.43733333
01/02/2026 07:30,4.734754951,6.606621624,9.894496736,12.366,54.12333333
01/02/2026 07:45,5.058561992,7.500196158,9.563253977,12.482,53.74966667
01/02/2026 08:00,4.734754951,5.53136596,8.72754977,12.65666667,53.72333333
01/02/2026 08:15,6.27783542,8.619945159,11.81509695,12.893,53.34166667
01/02/2026 08:30,5.058561992,6.747517193,9.788134382,13.134,52.70466667
01/02/2026 08:45,3.787319533,5.427548172,8.536097533,13.12633333,51.99
01/02/2026 09:00,3.531471994,4.978907016,7.615303443,13.17,51.29033333
01/02/2026 09:15,3.335588722,4.28926028,8.065064252,13.76,50.432
01/02/2026 09:30,2.655993697,4.315214727,7.083491674,14.32433333,49.03933333
01/02/2026 09:45,2.340181891,3.265913511,6.123191567,15.208,47.60866667
01/02/2026 10:00,2.472103278,4.18915027,7.135153389,15.80466667,45.655
01/02/2026 10:15,2.659991314,4.267013611,6.773521386,16.679,44.097
01/02/2026 10:30,2.496088985,3.395685746,5.694703227,18.032,42.647
01/02/2026 10:45,2.564048487,4.311506949,6.585108074,18.61466667,40.182
01/02/2026 11:00,2.236243828,3.810956899,6.92850653,19.25833333,39.165
01/02/2026 11:15,1.79650587,2.795025685,5.418161108,19.662,38.968
01/02/2026 11:30,2.120312912,3.466133531,6.460512174,19.90466667,38.83933333
01/02/2026 11:45,1.928427258,2.939629033,5.290526283,21.81933333,34.997
01/02/2026 12:00,1.620610687,2.624467891,5.40600541,24.93766667,29.68866667
01/02/2026 12:15,1.300801264,2.379754533,4.90762181,24.228,30.01066667
01/02/2026 12:30,1.004977547,2.135041175,4.822531927,28.262,24.038
01/02/2026 12:45,0.74513239,1.545504449,4.752636666,25.16,27.651
01/02/2026 13:00,0.63719671,1.526965558,3.631273566,26.231,26.42466667
01/02/2026 13:15,0.50927294,1.274836644,3.546183683,26.108,25.582
01/02/2026 13:30,0.481289616,1.226635528,3.740674844,23.22866667,28.80566667
01/02/2026 13:45,0.649189563,1.449102217,3.707246676,21.51366667,32.06066667
01/02/2026 14:00,0.609213385,1.905158929,4.093190073,22.16433333,31.58233333
01/02/2026 14:15,0.853068071,1.501011111,3.889582139,26.981,26.50533333
01/02/2026 14:30,0.485287233,1.289667756,3.719402373,27.527,25.81466667
01/02/2026 14:45,0.721146683,1.497303333,4.099267922,28.238,24.94266667
01/02/2026 15:00,0.445311055,1.219219972,4.023294812,27.844,24.707
01/02/2026 15:15,0.937018044,2.090547837,4.315031554,24.72866667,28.01266667
01/02/2026 15:30,0.937018044,1.942236711,4.196513503,21.55633333,31.49166667
01/02/2026 15:45,0.825084746,1.945944489,4.913699659,21.04433333,32.52066667
01/02/2026 16:00,1.240836997,2.031223387,4.752636666,19.00266667,35.84533333
01/02/2026 16:15,0.925025191,1.771678916,4.661468935,18.26066667,38.07366667
01/02/2026 16:30,1.132901316,1.838418923,4.032411586,17.81966667,39.68433333
01/02/2026 16:45,2.004381996,3.184342391,5.849688371,17.448,40.86933333
01/02/2026 17:00,1.316791735,2.079424502,4.545989808,17.144,41.19266667
01/02/2026 17:15,1.372758384,2.10537895,5.518445613,16.82033333,42.63666667
01/02/2026 17:30,1.228844143,1.927405598,4.421393908,16.64066667,42.682
01/02/2026 17:45,1.876458226,3.20658906,5.867921918,16.52566667,44.082
01/02/2026 18:00,2.276220006,3.314114626,6.278176711,16.41933333,45.94233333
01/02/2026 18:15,2.959812649,4.912167009,8.730588694,16.323,48.158
01/02/2026 18:30,3.399550607,5.835403769,10.19535025,16.30666667,50.53366667
01/02/2026 18:45,2.612019901,3.959268025,7.648731611,16.24233333,50.154
01/02/2026 19:00,3.863274271,5.557320407,8.70019945,16.12633333,50.38833333
01/02/2026 19:15,4.526878825,6.47314161,11.88499221,16.19966667,50.71033333
01/02/2026 19:30,16.78757261,21.01504752,22.08058354,15.605,49.84
01/02/2026 19:45,20.40141909,24.94529235,27.43516832,14.88133333,50.00566667
01/02/2026 20:00,15.2364969,18.3528628,21.47279866,14.48166667,51.26866667
01/02/2026 20:15,14.53291617,18.39735614,19.45191395,14.53966667,51.374
01/02/2026 20:30,14.56089949,18.24162946,20.17821687,14.31433333,52.01566667
01/02/2026 20:45,18.8743291,23.40285664,25.35654404,14.025,52.64866667
01/02/2026 21:00,18.7863815,22.50928211,23.7945369,13.59033333,53.73466667
01/02/2026 21:15,19.21412661,23.43622665,26.72709894,13.405,53.404
01/02/2026 21:30,19.98166923,23.64386222,26.0129517,13.392,54.39133333
01/02/2026 21:45,19.01824334,22.31276987,24.9280557,13.343,54.49033333
01/02/2026 22:00,18.3586364,22.47220433,24.17136352,13.43033333,54.37933333
01/02/2026 22:15,19.27409088,22.57231434,25.27449308,13.42166667,54.855
01/02/2026 22:30,19.76579786,23.25454552,25.87620011,13.39366667,54.891
01/02/2026 22:45,22.23632566,26.40244917,28.72367226,13.28466667,55.85433333
01/02/2026 23:00,17.9308913,22.38321765,22.72179659,13.20466667,55.64633333
01/02/2026 23:15,31.03508243,38.29329369,38.97700316,12.902,55.68466667
01/02/2026 23:30,29.11222827,37.00669468,39.94642004,12.743,56.20566667
01/02/2026 23:45,23.53555145,30.06944176,32.45851034,12.57666667,56.933
46055,26.1300054,28.98306276,33.99620608,12.463,57.55466667
02/02/2026 00:15,32.43424866,33.92553103,39.89779725,12.50133333,57.55833333
02/02/2026 00:30,17.55511522,18.62353061,22.94971592,12.61133333,58.04066667
02/02/2026 00:45,11.5067195,12.39446332,16.0452797,13.08666667,57.48333333
02/02/2026 01:00,10.675215,12.3796322,15.79912683,13.501,57.10933333
02/02/2026 01:15,8.964234579,11.87908215,15.85078854,13.65166667,56.672
02/02/2026 01:30,10.05158662,13.61061455,18.24242204,13.91333333,56.559
02/02/2026 01:45,9.184103558,13.54387454,18.23938311,13.949,56.48866667
02/02/2026 02:00,7.864889685,10.16608865,13.31328668,14.19466667,55.90466667
02/02/2026 02:15,5.850090316,8.67926961,11.33190797,14.338,55.57
02/02/2026 02:30,4.958621547,7.459410598,10.99154844,14.59433333,55.105
02/02/2026 02:45,6.969423299,9.12049521,12.70854072,14.567,55.271
02/02/2026 03:00,7.105342304,9.554305253,13.25858604,14.46466667,55.378
02/02/2026 03:15,5.386366652,7.830188413,11.68138428,14.58366667,55.2
02/02/2026 03:30,6.11393309,10.08822531,14.36475451,14.351,55.566
02/02/2026 03:45,5.674195133,7.878389529,11.07056047,14.44733333,55.49666667
02/02/2026 04:00,7.517096937,10.75933315,14.51973966,14.45233333,55.23433333
02/02/2026 04:15,5.994004557,8.627360716,12.10987262,14.72266667,55.74466667
02/02/2026 04:30,4.486902647,6.829088313,11.75735739,15.04,56.30433333
02/02/2026 04:45,4.706771626,7.39637837,14.01223929,15.17166667,56.66366667
02/02/2026 05:00,4.406950291,6.584374955,15.9328395,15.14333333,56.63566667
02/02/2026 05:15,4.942631076,7.804233966,15.49827331,15.05066667,56.48966667
02/02/2026 05:30,5.774135578,9.161280769,14.14595196,14.69233333,56.58733333
02/02/2026 05:45,6.069959295,9.07970965,13.8025535,14.222,57.18233333
02/02/2026 06:00,5.858085552,6.576959399,9.602759994,14.11266667,57.86366667
02/02/2026 06:15,6.229864007,6.969983882,10.03124833,14.08166667,57.627
02/02/2026 06:30,6.04197597,6.769763862,9.82156255,14.07933333,57.783
02/02/2026 06:45,6.145914033,6.873581651,9.940080602,14.219,57.526
02/02/2026 07:00,5.890066494,6.61403718,9.645304936,14.344,57.335
02/02/2026 07:15,5.930042672,6.651114962,9.690888801,14.524,57.154
02/02/2026 07:30,5.454326154,8.111979553,14.37691021,14.76966667,56.305
02/02/2026 07:45,5.430340447,8.790502954,14.51973966,14.94,55.632
02/02/2026 08:00,5.398359505,8.234336232,17.56170297,15.19533333,54.79533333
02/02/2026 08:15,6.461725839,9.131618544,14.89656628,15.914,53.20533333
02/02/2026 08:30,5.530280892,8.59769849,12.41680398,15.94566667,53.014
02/02/2026 08:45,5.990006939,9.665538598,17.9385296,16.60566667,52.48666667
02/02/2026 09:00,5.154504819,8.089732884,13.54728385,17.45066667,51.317
02/02/2026 09:15,4.370971731,7.103463896,13.12183444,18.14633333,50.09833333
02/02/2026 09:30,3.639407675,5.939221557,11.88803114,18.16666667,49.41266667
02/02/2026 09:45,3.61142435,6.035623789,12.50493279,17.7,49.89866667
02/02/2026 10:00,4.558859768,7.15537279,13.30113098,18.60133333,47.33433333
02/02/2026 10:15,5.014588196,8.137934,15.33721032,18.26733333,47.32733333
02/02/2026 10:30,4.534874061,7.025600555,12.817942,18.531,47.04533333
02/02/2026 10:45,4.694778773,7.611429502,13.37710409,18.58066667,47.25433333
02/02/2026 11:00,4.822702542,7.49648838,12.37122011,18.29166667,47.688
02/02/2026 11:15,5.482309479,8.423432917,12.39249258,18.43766667,47.81966667
02/02/2026 11:30,5.286426207,8.456802921,14.35259882,18.248,48.32533333
02/02/2026 11:45,5.122523877,8.393770692,12.24358529,18.47033333,47.923
02/02/2026 12:00,5.634218955,8.97959964,16.05135755,18.18133333,47.87
02/02/2026 12:15,5.634218955,8.972184084,17.29731655,18.03533333,48.88066667
02/02/2026 12:30,5.634218955,8.946229637,15.17614733,17.92233333,49.756
02/02/2026 12:45,5.242452411,8.200966228,13.47434967,18.15833333,49.18733333
02/02/2026 13:00,5.590245159,9.461610799,15.97538444,18.042,49.639
02/02/2026 13:15,5.898061729,9.587675256,17.37936751,18.37733333,49.56066667
02/02/2026 13:30,5.910054583,10.67776203,17.26996623,18.34766667,49.86233333
02/02/2026 13:45,6.345794923,9.457903021,16.27319903,18.401,50.33066667
02/02/2026 14:00,6.541678195,10.94101428,18.9352968,17.914,53.61433333
02/02/2026 14:15,6.461725839,10.5813598,18.37309579,17.77166667,55.23033333
02/02/2026 14:30,6.989411388,11.10415652,18.31535622,17.56333333,55.36866667
02/02/2026 14:45,6.98541377,10.52203535,18.02361948,17.28333333,56.18
02/02/2026 15:00,7.125330393,11.89020549,23.42986597,17.157,57.245
02/02/2026 15:15,6.129923562,6.851334982,9.915769206,17.10466667,59.183
02/02/2026 15:30,5.60623563,6.317414928,9.317101101,16.94,59.56966667
02/02/2026 15:45,5.642214191,6.350784931,9.35052927,16.894,59.775
02/02/2026 16:00,6.165902122,6.91436721,9.952236299,16.59533333,61.402
02/02/2026 16:15,4.926640605,5.635183748,8.548253231,16.58333333,61.96366667
02/02/2026 16:30,3.44752202,4.107579151,6.864689118,16.589,62.543
02/02/2026 16:45,3.059753094,3.703431332,6.408850459,16.744,62.328
02/02/2026 17:00,4.51888359,5.201373705,8.074181026,16.66666667,62.372
02/02/2026 17:15,4.514885972,5.205081483,8.086336723,16.695,62.52166667
02/02/2026 17:30,4.39095982,5.07160147,7.934390504,16.85566667,62.81133333
02/02/2026 17:45,4.219062255,4.893628118,7.733821494,17.04266667,62.47133333
02/02/2026 18:00,4.534874061,5.205081483,8.098492421,17.19833333,62.44266667
02/02/2026 18:15,3.675386235,4.333753618,7.116919842,17.02533333,63.70933333
02/02/2026 18:30,2.799907937,3.425347971,6.117113718,17.08433333,63.784
02/02/2026 18:45,3.059753094,3.703431332,6.414928308,17.4,63.298
02/02/2026 19:00,4.478907412,5.164295923,8.046830706,17.38933333,64.05633333
02/02/2026 19:15,7.461130288,8.223212897,11.4230757,17.76433333,62.76866667
02/02/2026 19:30,6.101940237,6.840211647,9.891457811,17.80733333,62.78533333
02/02/2026 19:45,10.87509589,11.7530177,15.33113247,17.983,60.61066667
02/02/2026 20:00,10.86710065,11.74189436,15.3220157,18.21466667,59.98866667
02/02/2026 20:15,9.963639028,10.83348871,14.36779344,18.08233333,59.29233333
02/02/2026 20:30,8.680403716,12.61693001,22.62151208,18.25766667,57.62833333
02/02/2026 20:45,9.891681908,11.00404651,15.17918625,18.25666667,57.83633333
02/02/2026 21:00,9.471932039,13.81825013,24.80649872,18.30766667,57.40066667
02/02/2026 21:15,9.847708112,11.28212987,15.91156703,18.42633333,57.41866667
02/02/2026 21:30,10.61525073,16.39515594,28.64466023,18.376,57.19633333
02/02/2026 21:45,11.0350006,17.18491269,30.82660794,18.26866667,57.183
02/02/2026 22:00,11.83052654,19.00543176,35.80740502,18.155,57.35433333
02/02/2026 22:15,13.88530209,18.4047717,27.65397088,17.955,58.74466667
02/02/2026 22:30,14.31304719,16.89941377,24.28380373,18.06866667,59.166
02/02/2026 22:45,14.63285661,15.61281475,19.60082124,18.01333333,60.22533333
02/02/2026 23:00,14.16113771,15.13451137,19.07508732,17.90666667,61.48066667
02/02/2026 23:15,14.60487329,15.57944475,19.57954877,17.84833333,62.854
02/02/2026 23:30,8.356596674,9.1390341,12.45023215,17.52133333,64.98966667
02/02/2026 23:45,14.34902575,15.32731583,19.27869525,17.77466667,64.283
46056,15.58428965,16.59537596,20.70395079,18.09766667,63.322
03/02/2026 00:15,16.31185609,17.3517627,21.53053823,18.31633333,63.15566667
03/02/2026 00:30,14.52492093,15.48304252,19.47926426,18.241,60.681
03/02/2026 00:45,11.96244793,12.86905892,16.57405255,17.90966667,58.815
03/02/2026 01:00,12.30624306,13.22500562,16.95999594,17.80633333,57.91733333
03/02/2026 01:15,12.61006201,17.93017609,25.800227,17.726,58.512
03/02/2026 01:30,13.18571897,16.24313704,24.72444776,17.594,57.97566667
03/02/2026 01:45,12.86191193,14.70070133,21.08381634,17.91966667,57.30233333
03/02/2026 02:00,12.13034787,20.91122973,34.08433489,17.87666667,56.19733333
03/02/2026 02:15,7.696989738,14.01476237,21.0534271,17.63266667,54.28866667
03/02/2026 02:30,5.958025996,10.21799754,17.73492166,17.267,54.83933333
03/02/2026 02:45,7.52908979,12.94321448,22.54553897,16.938,55.25266667
03/02/2026 03:00,2.060348645,3.621860213,7.600108821,16.85833333,50.03733333
03/02/2026 03:15,0.58123006,1.597413343,4.798220532,16.60533333,49.35433333
03/02/2026 03:30,0.58123006,1.42314777,4.694897103,16.19466667,49.938
03/02/2026 03:45,0.313389668,1.007876617,3.403354237,15.89833333,50.85366667
03/02/2026 04:00,0.47329438,1.126525518,4.199552427,15.329,52.947
03/02/2026 04:15,0.465299144,1.493595555,4.141812864,14.997,52.997
03/02/2026 04:30,0.381349171,1.352699985,4.038489434,14.759,53.29166667
03/02/2026 04:45,0.297399197,1.449102217,3.740674844,14.46433333,53.73
03/02/2026 05:00,0.645191945,1.508426667,3.689013129,14.261,54.375
03/02/2026 05:15,0.761122861,1.912574486,5.105151896,14.17,54.97033333
03/02/2026 05:30,0.677172888,1.793925585,4.424432832,14.04233333,55.086
03/02/2026 05:45,1.000979929,1.816172254,4.278564461,13.803,55.33066667
03/02/2026 06:00,1.100920374,2.153580065,4.281603386,13.64033333,55.222
03/02/2026 06:15,1.420729798,2.313014526,4.795181608,13.284,56.05266667
03/02/2026 06:30,1.744536839,2.568851218,5.275331662,12.974,56.827
03/02/2026 06:45,1.584632127,2.932213477,4.846843322,12.80933333,57.08
03/02/2026 07:00,2.4321271,3.073109047,5.712936774,12.861,57.17133333
03/02/2026 07:15,2.731948435,3.391977968,6.688431503,12.98133333,57.002
03/02/2026 07:30,2.851876969,3.610736878,6.569913452,13.182,56.77066667
03/02/2026 07:45,3.155695921,4.437571406,7.451201525,13.41833333,56.426
03/02/2026 08:00,3.499491052,4.845427002,7.247593591,13.85266667,56.11733333
03/02/2026 08:15,2.080336734,3.885112462,6.846455572,15.15333333,53.67066667
03/02/2026 08:30,1.76052731,3.188050169,5.925661481,16.124,51.89266667
03/02/2026 08:45,1.844477284,2.891427917,6.749209991,16.835,50.281
03/02/2026 09:00,1.76052731,3.143556832,5.925661481,17.37733333,49.70566667
03/02/2026 09:15,2.683977021,4.304091393,6.989285018,17.60333333,49.14166667
03/02/2026 09:30,2.484096131,4.118702485,8.244360791,18.065,48.42533333
03/02/2026 09:45,2.835886498,4.170611379,7.645692686,19.096,47.353
03/02/2026 10:00,3.699371942,5.764955984,11.3349469,19.902,46.06633333
03/02/2026 10:15,4.023178983,6.910659432,12.66295686,19.83566667,46.34333333
03/02/2026 10:30,4.782726364,6.721562746,13.8390206,20.226,46.07733333
03/02/2026 10:45,4.938633458,7.21469724,13.31024775,20.84566667,44.66366667
03/02/2026 11:00,3.591436261,7.033016111,10.91253641,21.159,43.383
03/02/2026 11:15,2.771924613,4.333753618,9.967430921,21.27566667,41.79466667
03/02/2026 11:30,2.683977021,4.459818075,11.5841387,22.42366667,39.912
03/02/2026 11:45,3.13970545,5.116094807,11.64795611,24.58066667,34.968
03/02/2026 12:00,2.556053252,4.222520273,8.17446553,28.35433333,28.97466667
03/02/2026 12:15,2.412139011,4.196565826,8.089375647,26.16666667,31.496
03/02/2026 12:30,2.959812649,4.767563661,9.107415318,31.232,24.52266667
03/02/2026 12:45,2.412139011,3.844326902,6.934584379,32.25366667,23.142
03/02/2026 13:00,2.588034194,4.407909181,7.983013294,32.70066667,22.50066667
03/02/2026 13:15,1.776517782,3.492087978,5.798026657,30.51366667,25.32966667
03/02/2026 13:30,1.908439169,3.399393524,7.615303443,31.42266667,23.47933333
03/02/2026 13:45,1.776517782,2.750532348,6.846455572,32.25366667,23.16866667
03/02/2026 14:00,1.880455844,3.091647937,6.782638159,31.199,23.867
03/02/2026 14:15,2.316196184,3.492087978,7.150348011,29.31433333,25.68133333
03/02/2026 14:30,1.956410582,2.76536346,6.788716008,24.32566667,32.102
03/02/2026 14:45,2.428129482,3.892528018,9.435619153,22.17133333,36.516
03/02/2026 15:00,3.343583958,5.097555917,10.42326958,20.93066667,43.46333333
03/02/2026 15:15,4.470912176,7.578059499,15.08801852,20.545,45.382
03/02/2026 15:30,5.666199897,7.908051754,14.14291303,20.40633333,45.73633333
03/02/2026 15:45,5.274433353,8.230628454,18.31535622,20.24066667,45.50433333
03/02/2026 16:00,5.998002174,9.976991962,17.22134344,19.25533333,47.17366667
03/02/2026 16:15,5.850090316,9.076001872,16.36740569,18.46266667,48.48466667
03/02/2026 16:30,6.217871153,10.20316643,16.47680697,18.01166667,49.706
03/02/2026 16:45,5.93404029,9.850927505,20.66444478,17.83833333,50.26433333
03/02/2026 17:00,6.281833038,10.60360647,19.72541714,17.625,50.953
03/02/2026 17:15,5.822106991,9.876881952,19.5461206,17.73833333,50.85
03/02/2026 17:30,6.621630551,10.22912088,17.4523017,17.74066667,50.961
03/02/2026 17:45,5.718168929,9.576551922,19.49445889,17.55733333,51.34233333
03/02/2026 18:00,5.342392856,8.349277354,14.51062289,17.657,50.55266667
03/02/2026 18:15,5.250447646,8.282537348,14.20976937,17.57,50.177
03/02/2026 18:30,4.746747804,7.704123956,13.78735888,17.602,50.802
03/02/2026 18:45,5.438335683,9.609921925,17.39152321,17.29066667,51.52466667
03/02/2026 19:00,4.474909794,6.895828319,15.65325846,17.37766667,50.857
03/02/2026 19:15,3.927236156,6.999646108,12.16153433,17.18833333,50.874
03/02/2026 19:30,5.870078405,9.116787431,16.917451,16.94733333,51.45666667
03/02/2026 19:45,4.730757333,7.047847224,11.07663832,16.96666667,51.41333333
03/02/2026 20:00,6.117930708,9.509811915,15.49523439,16.957,53.28166667
03/02/2026 20:15,4.131114664,7.370423923,14.66560803,16.79466667,54.85466667
03/02/2026 20:30,4.430935998,7.463118376,13.27074173,16.863,54.90033333
03/02/2026 20:45,4.786723982,7.374131701,14.98773401,16.94666667,54.115
03/02/2026 21:00,4.235052726,6.99593833,13.11271767,16.98833333,52.702
03/02/2026 21:15,4.466914558,8.301076238,13.94538295,16.82466667,52.573
03/02/2026 21:30,4.235052726,7.307391694,15.69884232,16.91066667,52.52366667
03/02/2026 21:45,3.543464847,5.724170424,13.74481394,16.84333333,52.638
03/02/2026 22:00,4.159097988,7.55581283,14.41033838,16.80433333,52.527
03/02/2026 22:15,3.479502963,5.446087063,10.4384642,16.97833333,52.02833333
03/02/2026 22:30,3.867271889,6.584374955,12.62345084,16.86033333,52.24133333
03/02/2026 22:45,3.959217098,6.951444992,13.18261293,17.11666667,51.87366667
03/02/2026 23:00,3.851281418,6.892120541,13.68099653,17.06666667,52.52666667
03/02/2026 23:15,4.654802595,7.39637837,13.64452943,16.80733333,53.68666667
03/02/2026 23:30,4.235052726,7.344469476,12.44719322,16.83433333,54.37733333
03/02/2026 23:45,4.19107893,7.511319492,14.06086208,16.458,54.851
46057,5.014588196,8.823872958,17.26996623,16.089,56.87466667
04/02/2026 00:15,4.674790684,7.285145025,14.47415579,15.972,56.83866667
04/02/2026 00:30,4.358978878,7.333346141,14.68384158,15.971,56.51733333
04/02/2026 00:45,4.135112281,7.129418343,15.02116218,16.23933333,55.92233333
04/02/2026 01:00,3.727355266,5.887312663,12.45934892,15.91033333,57.32666667
04/02/2026 01:15,3.595433879,4.263305833,7.037907808,15.597,58.566
04/02/2026 01:30,3.827295711,4.504311413,7.296216381,15.48466667,58.79566667
04/02/2026 01:45,3.531471994,4.444986962,8.080258874,15.40466667,57.892
04/02/2026 02:00,3.155695921,3.803541342,6.524329586,15.22733333,57.84866667
04/02/2026 02:15,3.183679246,3.818372455,6.551679906,15.23933333,58.327
04/02/2026 02:30,2.66798655,3.299283514,5.968206423,15.28566667,58.14033333
04/02/2026 02:45,2.604024665,3.232543507,5.895272237,15.34933333,57.638
04/02/2026 03:00,2.584036576,3.210296838,5.916544708,15.26966667,57.57433333
04/02/2026 03:15,2.26822477,2.902551252,5.50932884,15.152,58.04366667
04/02/2026 03:30,2.176279561,2.780194573,5.399927562,15.10466667,59.05866667
04/02/2026 03:45,1.740539221,2.350092307,4.910660735,14.87633333,58.761
04/02/2026 04:00,1.940420111,2.531773437,5.114268669,14.582,58.852
04/02/2026 04:15,2.304203331,2.902551252,5.536679159,14.355,59.20466667
04/02/2026 04:30,1.980396289,2.579974553,5.190241779,14.26966667,58.96333333
04/02/2026 04:45,2.112317676,2.731993457,5.333071225,14.251,58.78733333
04/02/2026 05:00,1.988391525,2.587390109,5.190241779,14.278,58.52566667
04/02/2026 05:15,2.052353409,2.668961228,5.263175964,14.168,58.45433333
04/02/2026 05:30,1.820491577,2.42424787,5.001828466,14.15266667,58.61
04/02/2026 05:45,1.79650587,2.390877867,4.977517071,14.14,58.16066667
04/02/2026 06:00,1.716553515,2.316722304,4.883310415,14.03533333,58.20833333
04/02/2026 06:15,1.400741709,1.994145605,4.527756261,13.943,58.012
04/02/2026 06:30,1.05294896,1.957067824,4.296798008,13.88533333,57.354
04/02/2026 06:45,1.132901316,2.216612294,6.72793752,13.75833333,56.70033333
04/02/2026 07:00,0.984989458,2.086840059,4.573340127,13.77666667,56.45633333
04/02/2026 07:15,1.10891561,1.849542257,4.494328093,13.69666667,56.537
04/02/2026 07:30,1.276815557,2.149872287,5.305720905,13.57166667,56.4
04/02/2026 07:45,1.260825086,2.320430082,5.15681361,13.998,55.34566667
04/02/2026 08:00,1.208856054,2.320430082,5.336110149,14.48766667,54.61666667
04/02/2026 08:15,1.076934667,2.420540092,4.819493003,15.23,52.972
04/02/2026 08:30,1.492686918,2.617052334,5.661275059,15.84033333,51.72766667
04/02/2026 08:45,1.352770295,2.160995622,6.329838425,16.231,50.87333333
04/02/2026 09:00,2.060348645,3.640399104,6.734015369,16.38433333,50.44133333
04/02/2026 09:15,1.904441551,3.113894606,7.238476818,16.731,50.08866667
04/02/2026 09:30,1.736541604,3.265913511,6.67931473,17.089,49.71866667
04/02/2026 09:45,2.080336734,3.562535763,6.500018191,17.67866667,48.74533333
04/02/2026 10:00,1.280813175,2.631883447,5.989478893,18.643,46.78766667
04/02/2026 10:15,1.376756002,2.891427917,6.159658659,19.19,44.88166667
04/02/2026 10:30,1.084929903,1.916282264,4.634118615,19.08166667,44.04766667
04/02/2026 10:45,1.304798882,2.309306748,5.75852064,19.62133333,43.64066667
04/02/2026 11:00,1.584632127,3.125017941,5.466783898,18.646,45.139
04/02/2026 11:15,1.708558279,3.810956899,6.697548276,18.81766667,45.89433333
04/02/2026 11:30,1.508677389,3.221420173,6.123191567,18.13433333,46.96733333
04/02/2026 11:45,0.965001369,1.771678916,5.892233313,16.77266667,52.47033333
04/02/2026 12:00,1.004977547,2.453910096,6.071529852,17.09766667,53.53933333
04/02/2026 12:15,1.060944196,2.168411178,4.786064835,17.99366667,50.566
04/02/2026 12:30,0.87305616,2.175826734,5.445511427,17.88066667,49.90833333
04/02/2026 12:45,1.092925138,1.994145605,5.925661481,19.61833333,45.679
04/02/2026 13:00,0.773115715,1.805048919,4.275525537,18.65066667,46.78133333
04/02/2026 13:15,1.088927521,2.016392274,5.445511427,19.01733333,46.54033333
04/02/2026 13:30,1.260825086,2.290767857,5.98036212,18.10766667,48.65833333
04/02/2026 13:45,1.480694065,2.694915675,5.18416393,16.899,53.54433333
04/02/2026 14:00,1.856470137,3.6070291,7.183776179,16.36566667,55.478
04/02/2026 14:15,2.608022283,3.974099137,6.85253342,16.51,56.267
04/02/2026 14:30,2.200265268,3.70713911,7.025752111,16.805,55.94
04/02/2026 14:45,2.600027048,3.870281349,7.818911377,16.69266667,56.28333333
04/02/2026 15:00,3.403548225,5.004861463,9.642266011,16.701,56.36466667
04/02/2026 15:15,3.467510109,5.816864878,11.09487187,16.485,56.66466667
04/02/2026 15:30,3.227653042,4.797225887,9.47512517,16.23233333,57.575
04/02/2026 15:45,3.3755649,4.029715809,6.770482462,15.94366667,58.42866667
04/02/2026 16:00,2.855874587,3.80724912,6.685392579,16.08233333,57.26366667
04/02/2026 16:15,3.71936003,5.349684831,9.82156255,16.05733333,57.22466667
04/02/2026 16:30,2.66798655,3.903651352,7.198970801,16.08233333,56.874
04/02/2026 16:45,3.091734036,4.856550337,9.110454243,15.833,57.123
04/02/2026 17:00,2.636005608,4.066793591,8.803522879,15.63866667,57.09233333
04/02/2026 17:15,3.95521948,4.615544757,7.432967979,15.49633333,57.598
04/02/2026 17:30,3.427533931,4.100163594,6.849494496,15.63566667,57.46166667
04/02/2026 17:45,2.855874587,3.421640193,6.934584379,15.53833333,57.62366667
04/02/2026 18:00,3.723357648,4.385662512,7.165542633,15.524,58.00533333
04/02/2026 18:15,3.33958634,4.007469141,6.752248915,15.41433333,59.56233333
04/02/2026 18:30,2.508081838,3.139849053,5.788909884,15.24333333,59.90833333
04/02/2026 18:45,4.474909794,5.153172589,8.025558235,15.27233333,59.88433333
04/02/2026 19:00,7.153313718,7.922882867,11.08879402,15.21533333,60.16466667
04/02/2026 19:15,5.882071258,6.606621624,9.633149238,15.146,60.19966667
04/02/2026 19:30,6.493706781,7.244359466,10.34425755,15.067,60.18966667
04/02/2026 19:45,4.890662045,5.590690411,8.484435818,14.88866667,60.134
04/02/2026 20:00,3.639407675,4.296675836,7.074374901,14.84266667,59.91066667
04/02/2026 20:15,4.494897883,5.182834814,8.046830706,14.78733333,59.96033333
04/02/2026 20:30,3.983202805,4.637791426,7.45424045,14.65633333,59.906
04/02/2026 20:45,2.580038959,3.20658906,5.858805145,14.66866667,59.57633333
04/02/2026 21:00,2.683977021,3.317822405,5.986439969,14.58033333,59.70333333
04/02/2026 21:15,2.73994367,3.377146855,6.044179532,14.60066667,59.26433333
04/02/2026 21:30,2.999788827,3.621860213,6.341994123,14.62966667,59.25366667
04/02/2026 21:45,3.403548225,4.059378035,6.813027403,14.67266667,59.27366667
04/02/2026 22:00,5.790126049,6.506511614,9.520709036,14.786,58.75733333
04/02/2026 22:15,4.446926469,5.123510364,7.989091143,14.88866667,59.06566667
04/02/2026 22:30,5.614230866,6.339661597,9.335334648,14.797,59.674
04/02/2026 22:45,8.184699109,8.961060749,12.24662421,14.72233333,60.238
04/02/2026 23:00,7.165306571,7.930298423,11.0857551,14.69166667,60.25066667
04/02/2026 23:15,6.453730603,7.181327237,10.27740121,14.75,60.23566667
04/02/2026 23:30,4.01118613,4.671161429,7.490707542,14.876,60.04133333
04/02/2026 23:45,5.738157018,6.45460272,9.466008397,14.78,60.08433333
46058,7.34919699,8.126810665,11.31367443,14.48566667,60.69866667
05/02/2026 00:15,9.304032092,10.12901087,13.53816708,14.09666667,61.24933333
05/02/2026 00:30,8.256656229,9.050047425,12.33475302,13.77033333,61.474
05/02/2026 00:45,4.942631076,5.627768192,8.551292155,13.585,61.29033333
05/02/2026 01:00,3.283619691,3.911066909,6.661081184,13.54366667,60.96466667
05/02/2026 01:15,1.748534457,2.350092307,4.910660735,13.32566667,61.005
05/02/2026 01:30,3.311603015,3.974099137,6.709703974,13.25766667,61.151
05/02/2026 01:45,7.041380419,7.79681841,10.9368478,13.227,61.132
05/02/2026 02:00,6.44173775,7.203573906,10.28347906,13.14766667,60.95866667
05/02/2026 02:15,6.017990263,6.758640528,9.80029008,13.04466667,61.147
05/02/2026 02:30,6.417752043,7.162788346,10.24093412,12.98666667,61.143
05/02/2026 02:45,6.309816362,7.040431667,10.11937714,12.77366667,61.222
05/02/2026 03:00,6.061964059,6.788302753,9.833718248,12.649,61.41066667
05/02/2026 03:15,4.614826417,5.301483715,8.180543379,12.582,61.44266667
05/02/2026 03:30,4.031174219,4.700823655,7.508941089,12.456,61.43066667
05/02/2026 03:45,3.511483905,4.174319157,6.934584379,12.33866667,61.33266667
05/02/2026 04:00,3.247641131,3.873989127,6.624614091,12.26066667,61.21766667
05/02/2026 04:15,3.171686392,3.825788011,6.55471883,12.193,61.461
05/02/2026 04:30,3.579443408,4.241059164,7.00447964,12.07066667,61.687
05/02/2026 04:45,3.435529167,4.085332482,6.840377723,12.076,61.44733333
05/02/2026 05:00,2.524072309,3.143556832,5.80714343,12.126,60.97533333
05/02/2026 05:15,3.603429114,4.244766942,7.034868884,11.84933333,60.98066667
05/02/2026 05:30,3.723357648,4.385662512,7.171620481,11.70133333,61.05633333
05/02/2026 05:45,3.127712597,3.777586895,6.496979267,11.62633333,61.33533333
05/02/2026 06:00,2.999788827,3.651522438,6.345033047,11.61766667,61.27466667
05/02/2026 06:15,3.099729272,3.733093557,6.445317552,11.587,61.221
05/02/2026 06:30,3.439526785,4.103871372,6.855572345,11.55333333,61.29566667
05/02/2026 06:45,2.851876969,3.477256865,6.177892206,11.58866667,61.63033333
05/02/2026 07:00,3.999193276,4.663745873,7.487668618,11.71,61.45633333
05/02/2026 07:15,4.878669191,5.568443742,8.490513667,11.974,60.919
05/02/2026 07:30,4.446926469,5.116094807,7.989091143,12.39833333,60.55766667
05/02/2026 07:45,3.695374324,4.359708065,7.141231238,12.63133333,60.266
05/02/2026 08:00,6.773540027,7.526150605,10.65726676,12.739,60.079
05/02/2026 08:15,3.019776916,3.670061329,6.372383367,13.64433333,59.187
05/02/2026 08:30,3.663393381,4.333753618,7.113880918,14.07866667,58.26033333
05/02/2026 08:45,4.770733511,5.446087063,8.362878843,14.13633333,57.71166667
05/02/2026 09:00,5.814111756,7.993330652,10.15280531,14.53733333,56.908
05/02/2026 09:15,4.263036051,6.458310498,8.496591516,15.089,56.50766667
05/02/2026 09:30,3.055755476,4.28926028,6.542563133,16.56866667,55.451
05/02/2026 09:45,4.04716469,5.657430417,8.62422634,17.62,53.32
05/02/2026 10:00,4.366974113,5.753832649,8.733627618,18.44833333,51.66233333
05/02/2026 10:15,2.428129482,3.822080233,7.45424045,19.18033333,49.53333333
05/02/2026 10:30,2.144298619,3.766463561,6.032023835,19.49066667,48.591
05/02/2026 10:45,2.707962728,3.88882024,7.323566701,19.256,48.87066667
05/02/2026 11:00,3.659395764,5.405301503,8.441890877,19.275,48.4
05/02/2026 11:15,2.97580312,4.263305833,7.67608193,19.693,48.219
05/02/2026 11:30,4.263036051,6.291460481,8.314256052,20.08866667,47.59466667
05/02/2026 11:45,2.919836471,4.856550337,8.15319306,19.66466667,48.302
05/02/2026 12:00,2.192270032,3.651522438,7.360033794,19.272,49.63866667
05/02/2026 12:15,2.388153304,4.470941409,8.685004828,19.25966667,48.91633333
05/02/2026 12:30,1.956410582,3.455010196,7.077413825,19.16733333,49.25533333
05/02/2026 12:45,2.516077074,4.029715809,7.32964455,19.09266667,48.508
05/02/2026 13:00,2.472103278,4.374539177,7.992130067,18.767,48.59333333
05/02/2026 13:15,2.871865058,4.878797006,9.152999184,18.67466667,48.73033333
05/02/2026 13:30,3.10372689,5.987422673,9.788134382,18.38866667,50.837
05/02/2026 13:45,3.667390999,5.779787096,10.93380888,18.079,52.23233333
05/02/2026 14:00,3.791317151,5.197665927,11.933615,18.32066667,52.79266667
05/02/2026 14:15,3.859276653,6.480557167,10.93988673,18.176,54.71433333
05/02/2026 14:30,4.75474304,6.665946074,13.25554711,17.404,58.153
05/02/2026 14:45,4.466914558,5.156880367,8.022519311,17.03533333,60.36033333
05/02/2026 15:00,3.651400528,4.304091393,7.086530598,16.889,61.71433333
05/02/2026 15:15,3.051757859,3.684892441,6.411889384,16.91933333,62.56333333
05/02/2026 15:30,2.827891262,3.466133531,6.150541886,16.80133333,62.68233333
05/02/2026 15:45,2.871865058,3.495795756,6.177892206,16.92733333,62.52133333
05/02/2026 16:00,1.776517782,2.376046754,4.953205676,16.4,62.761
05/02/2026 16:15,0.941015662,1.519550002,3.998983417,16.428,62.43366667
05/02/2026 16:30,1.256827468,1.845834479,4.36061542,16.017,64.30133333
05/02/2026 16:45,0.525263411,1.078324402,3.515794439,16.21133333,63.21466667
05/02/2026 17:00,0.229439694,0.792825484,3.187590605,15.974,64.41333333
05/02/2026 17:15,0.489284851,1.059785511,3.494521968,16.20166667,64.021
05/02/2026 17:30,0.449308673,1.011584395,3.442860254,16.20033333,64.48466667
05/02/2026 17:45,0.521265793,1.089447736,3.515794439,16.042,65.55333333
05/02/2026 18:00,0.505275322,1.059785511,3.50971659,16.56533333,64.906
05/02/2026 18:15,0.457303909,1.030123286,3.455015951,16.96,64.588
05/02/2026 18:30,0.869058542,1.449102217,3.91085461,17.359,63.97733333
05/02/2026 18:45,2.46810566,3.076816825,5.73117032,17.636,65.848
05/02/2026 19:00,20.02964064,21.17818975,25.7637599,18.08566667,66.93233333
05/02/2026 19:15,18.22671501,19.31317734,23.70336917,18.38066667,66.07
05/02/2026 19:30,13.23369039,14.17790461,18.01450271,18.717,64.71833333
05/02/2026 19:45,9.663817694,10.4960809,13.94842187,18.47466667,64.37266667
05/02/2026 20:00,5.97001885,6.688192743,9.727355894,18.365,63.432
05/02/2026 20:15,3.203667335,3.840619124,6.579030225,17.93266667,62.63266667
05/02/2026 20:30,3.03176977,3.681184663,6.38150014,17.51166667,62.52433333
05/02/2026 20:45,1.85247252,2.450202317,5.035256635,17.297,62.325
05/02/2026 21:00,1.812496342,2.413124536,4.992711693,17.074,62.17233333
05/02/2026 21:15,1.672579719,2.272228966,4.837726549,16.77,62.00266667
05/02/2026 21:30,2.16028909,2.776486795,5.38473294,16.62,62.083
05/02/2026 21:45,3.999193276,4.671161429,7.475512921,16.35966667,62.205
05/02/2026 22:00,3.723357648,4.363415843,7.168581557,16.08466667,61.95666667
05/02/2026 22:15,2.851876969,3.484672421,6.183970054,15.712,62.17333333
05/02/2026 22:30,3.395552989,4.0482547,6.80391063,15.52,62.28766667
05/02/2026 22:45,3.53946723,4.185442492,6.961934698,15.311,62.28333333
05/02/2026 23:00,3.81130524,4.478356966,7.271904986,15.25633333,62.138
05/02/2026 23:15,1.968403436,2.568851218,5.168969308,15.23366667,61.85766667
05/02/2026 23:30,1.716553515,2.313014526,4.883310415,15.15166667,61.52933333
05/02/2026 23:45,2.080336734,2.694915675,5.299643057,14.88933333,61.05666667
46059,1.784513017,2.383462311,4.947127827,14.47433333,61.146
06/02/2026 00:15,1.260825086,1.849542257,4.366693269,14.244,61.132
06/02/2026 00:30,1.556648803,2.157287844,4.700974952,13.97833333,61.51533333
06/02/2026 00:45,1.892448698,2.494695655,5.080840501,13.854,61.61966667
06/02/2026 01:00,2.276220006,2.884012361,5.503250991,13.82433333,62.049
06/02/2026 01:15,1.644596394,2.231443407,4.792142683,13.87133333,61.822
06/02/2026 01:30,1.004977547,1.578874452,4.068878678,13.792,61.06066667
06/02/2026 01:45,1.484691682,2.079424502,4.621962917,13.678,60.81366667
06/02/2026 02:00,5.542273746,6.258090478,9.244166916,13.57366667,62.063
06/02/2026 02:15,4.602833563,5.297775937,8.17446553,13.91933333,61.67
06/02/2026 02:30,5.06255961,5.761248206,8.694121601,14.01533333,61.881
06/02/2026 02:45,4.342988407,5.015984797,7.864495243,13.95266667,62.025
06/02/2026 03:00,1.576636892,2.190657847,4.731364196,14.319,60.82566667
06/02/2026 03:15,0.988987076,1.571458896,4.050645132,14.653,60.59866667
06/02/2026 03:30,0.681170505,1.245174419,3.692052054,14.728,60.81633333
06/02/2026 03:45,1.112913227,1.686400019,4.196513503,14.56433333,60.98566667
06/02/2026 04:00,1.744536839,2.353800086,4.919777508,14.26833333,61.23966667
06/02/2026 04:15,2.464108042,3.076816825,5.73117032,14.07966667,61.312
06/02/2026 04:30,0.877053777,1.456517773,3.926049232,14.035,60.94066667
06/02/2026 04:45,0.825084746,1.389777767,3.856153971,13.91166667,60.96566667
06/02/2026 05:00,1.4886893,2.083132281,4.621962917,13.72333333,61.212
06/02/2026 05:15,0.929022809,1.504718889,3.980749871,13.59066667,61.24866667
06/02/2026 05:30,1.084929903,1.68269224,4.157007486,13.496,61.22266667
06/02/2026 05:45,1.480694065,2.06459339,4.625001842,13.40833333,60.98533333
06/02/2026 06:00,1.620610687,2.201781181,4.767831288,13.355,61.07566667
06/02/2026 06:15,1.764524928,2.368631198,4.938011054,13.51833333,61.057
06/02/2026 06:30,0.988987076,1.556627783,4.053684056,13.57933333,61.032
06/02/2026 06:45,1.220848908,1.805048919,4.324148327,13.46666667,60.912
06/02/2026 07:00,1.624608305,2.20548896,4.764792364,13.34966667,61.17133333
06/02/2026 07:15,1.520670243,2.112794506,4.65843001,13.49,60.87533333
06/02/2026 07:30,2.755934142,3.388270189,6.074568776,13.62533333,61.113
06/02/2026 07:45,3.235648277,3.873989127,6.612458394,13.946,61.20833333
06/02/2026 08:00,3.615421968,4.285552502,7.050063506,14.48566667,61.18366667
06/02/2026 08:15,4.291019375,4.956660347,7.821950301,15.44133333,60.023
06/02/2026 08:30,2.608022283,3.414224637,6.00771244,15.90533333,58.48233333
06/02/2026 08:45,3.007784063,4.000053584,6.569913452,16.48366667,56.95333333
06/02/2026 09:00,3.06774833,4.967783681,7.527174635,16.90533333,56.43966667
06/02/2026 09:15,2.683977021,4.396785846,7.034868884,17.00566667,54.63033333
06/02/2026 09:30,2.4321271,4.107579151,6.867728042,17.56666667,53.42833333
06/02/2026 09:45,2.66798655,4.407909181,7.05310243,18.41833333,51.83233333
06/02/2026 10:00,2.847879351,4.407909181,8.821756426,18.66166667,49.83366667
06/02/2026 10:15,2.899848382,4.096455816,6.524329586,19.50033333,48.47433333
06/02/2026 10:30,3.115719743,4.637791426,8.441890877,19.91966667,47.28666667
06/02/2026 10:45,3.111722125,4.778686996,8.195738001,20.84433333,45.04533333
06/02/2026 11:00,2.855874587,4.997445907,9.028403284,20.701,44.86133333
06/02/2026 11:15,2.564048487,3.862865793,7.384345189,20.15833333,46.25866667
06/02/2026 11:30,2.336184273,3.762755783,7.092608447,22.146,43.69666667
06/02/2026 11:45,3.191674481,5.305191493,8.757939013,21.927,43.339
06/02/2026 12:00,3.715362413,5.790910431,9.560215053,21.64533333,43.78866667
06/02/2026 12:15,4.171090841,6.684484965,12.60217837,20.46366667,45.44266667
06/02/2026 12:30,4.646807359,6.840211647,12.57178912,20.22133333,46.56966667
06/02/2026 12:45,5.122523877,7.337053919,12.35298657,20.29033333,45.80133333
06/02/2026 13:00,2.847879351,4.760148105,8.086336723,22.48033333,42.071
