time,pm1,pm25,pm10,temperature,humidite
2026-01-26T16:00:00.000Z,1.936666667,2.676666667,3.823333333,16.49933333,35.44033333
2026-01-26T16:15:00.000Z,2.16,3.156666667,4.896666667,15.86066667,36.74433333
2026-01-26T16:30:00.000Z,1.56,2.173333333,2.866666667,15.481,37.16666667
2026-01-26T16:45:00.000Z,1.596666667,2.156666667,2.756666667,15.113,38.077
2026-01-26T17:00:00.000Z,1.43,1.97,2.653333333,14.551,38.665
2026-01-26T17:15:00.000Z,2.296666667,3.156666667,4.136666667,14.379,39.29566667
2026-01-26T17:30:00.000Z,2.2,3.093333333,4.203333333,14.372,39.07433333
2026-01-26T17:45:00.000Z,2.99,3.946666667,5.45,14.236,39.57666667
2026-01-26T18:00:00.000Z,3.226666667,4.77,6.306666667,14.02366667,39.91033333
2026-01-26T18:15:00.000Z,2.496666667,3.79,4.763333333,13.72166667,40.475
2026-01-26T18:30:00.000Z,2.78,3.573333333,4.72,13.51566667,41.01033333
2026-01-26T18:45:00.000Z,2.813333333,3.896666667,4.7,13.29033333,41.502
2026-01-26T19:00:00.000Z,3.093333333,4.193333333,4.936666667,12.95033333,42.006
2026-01-26T19:15:00.000Z,4.66,5.743333333,7.393333333,12.82866667,43.01266667
2026-01-26T19:30:00.000Z,4.053333333,6.356666667,8.183333333,12.81433333,43.639
2026-01-26T19:45:00.000Z,3.55,4.546666667,5.823333333,12.73133333,43.548
2026-01-26T20:00:00.000Z,12.09666667,15.64666667,17.71666667,12.17333333,45.353
2026-01-26T20:15:00.000Z,15.29,19.56,22.09333333,11.65833333,46.49633333
2026-01-26T20:30:00.000Z,16.15333333,20.21666667,25.26666667,11.24966667,47.48066667
2026-01-26T20:45:00.000Z,15.81,19.85333333,22.89333333,10.93033333,48.34233333
2026-01-26T21:00:00.000Z,14.94666667,19.12,23.4,10.59933333,49.25033333
2026-01-26T21:15:00.000Z,9.383333333,12.46666667,14.55,10.56333333,48.96033333
2026-01-26T21:30:00.000Z,11.32333333,14.85,18.26,10.34266667,49.58033333
2026-01-26T21:45:00.000Z,14.42666667,17.85,21.76,10.149,50.363
2026-01-26T22:00:00.000Z,14.76,18.32333333,20.97333333,10.09066667,50.46733333
2026-01-26T22:15:00.000Z,14.08,18.28666667,20.52333333,10.08366667,50.69466667
2026-01-26T22:30:00.000Z,14.28333333,18.04666667,21.03333333,9.971,50.87166667
2026-01-26T22:45:00.000Z,14.22333333,18.78,23.33666667,9.820666667,51.39733333
2026-01-26T23:00:00.000Z,11.34333333,14.28666667,16.63333333,9.859,51.55566667
2026-01-26T23:15:00.000Z,12.61333333,16.77,20.80666667,9.908333333,51.49666667
2026-01-26T23:30:00.000Z,11.38,14.09666667,16.31,9.846666667,51.55133333
2026-01-26T23:45:00.000Z,9.66,12.58333333,17.48,10.018,51.18933333
2026-01-27T00:00:00.000Z,7.466666667,9.563333333,11.29,10.04366667,50.683
2026-01-27T00:15:00.000Z,5.986666667,7.706666667,8.796666667,10.14066667,50.782
2026-01-27T00:30:00.000Z,6.726666667,8.846666667,11.71333333,10.192,50.62266667
2026-01-27T00:45:00.000Z,7.216666667,9.453333333,11.06333333,10.02633333,50.719
2026-01-27T01:00:00.000Z,6.683333333,9.17,10.28666667,9.878666667,51.208
2026-01-27T01:15:00.000Z,6.223333333,8.176666667,10.38666667,10.11433333,50.18633333
2026-01-27T01:30:00.000Z,4.943333333,6.366666667,7.596666667,10.341,49.36533333
2026-01-27T01:45:00.000Z,4.276666667,5.446666667,6.486666667,10.34766667,49.04733333
2026-01-27T02:00:00.000Z,3.866666667,5.326666667,6.113333333,10.428,48.592
2026-01-27T02:15:00.000Z,3.123333333,3.663333333,4.003333333,10.60266667,48.327
2026-01-27T02:30:00.000Z,2.91,3.736666667,4.86,10.69433333,47.97333333
2026-01-27T02:45:00.000Z,3.88,4.736666667,5.626666667,10.45466667,48.38
2026-01-27T03:00:00.000Z,2.48,3.62,4.263333333,10.504,48.07
2026-01-27T03:15:00.000Z,2.093333333,2.793333333,3.433333333,11.052,46.293
2026-01-27T03:30:00.000Z,2.03,2.646666667,2.836666667,11.49033333,45.88533333
2026-01-27T03:45:00.000Z,1.883333333,2.303333333,2.636666667,11.589,46.10766667
2026-01-27T04:00:00.000Z,2.086666667,2.79,3.69,11.76666667,44.817
2026-01-27T04:15:00.000Z,2.03,2.876666667,3.53,11.737,45.24466667
2026-01-27T04:30:00.000Z,2.44,3.103333333,4.48,11.964,45.16
2026-01-27T04:45:00.000Z,2.366666667,3.036666667,3.976666667,11.77166667,45.96066667
2026-01-27T05:00:00.000Z,2.08,2.97,3.58,11.95866667,47.029
2026-01-27T05:15:00.000Z,3.403333333,4.303333333,4.88,12.17433333,48.78133333
2026-01-27T05:30:00.000Z,2.22,3.546666667,4.706666667,12.708,49.598
2026-01-27T05:45:00.000Z,2.463333333,3.843333333,5.056666667,13.09033333,50.22866667
2026-01-27T06:00:00.000Z,2.476666667,3.29,5.8,13.361,50.745
2026-01-27T06:15:00.000Z,2.586666667,3.88,6.136666667,13.40833333,52.65766667
2026-01-27T06:30:00.000Z,2.71,3.99,6.896666667,13.31366667,55.589
2026-01-27T06:45:00.000Z,3.093333333,3.466666667,4.663333333,13.46666667,57.774
2026-01-27T07:00:00.000Z,3.48,3.87,5.236666667,13.58433333,59.16366667
2026-01-27T07:15:00.000Z,3.083333333,3.413333333,4.63,13.746,59.64033333
2026-01-27T07:30:00.000Z,3.576666667,3.983333333,5.393333333,13.90666667,61.342
2026-01-27T07:45:00.000Z,3.036666667,3.37,4.58,14.18,61.62533333
2026-01-27T08:00:00.000Z,2.996666667,3.343333333,4.516666667,14.29566667,62.47533333
2026-01-27T08:15:00.000Z,2.683333333,2.98,4.043333333,14.47,62.91266667
2026-01-27T08:30:00.000Z,1.626666667,1.81,2.47,14.87933333,62.57033333
2026-01-27T08:45:00.000Z,1.253333333,1.4,1.91,14.821,63.37566667
2026-01-27T09:00:00.000Z,1.563333333,1.736666667,2.363333333,15.10733333,62.881
2026-01-27T09:15:00.000Z,1.363333333,1.516666667,2.07,15.44333333,62.26766667
2026-01-27T09:30:00.000Z,1.483333333,1.656666667,2.253333333,15.48466667,62.44566667
2026-01-27T09:45:00.000Z,1.26,1.413333333,1.92,15.484,62.53933333
2026-01-27T10:00:00.000Z,1.276666667,1.416666667,1.936666667,15.77933333,62.35833333
2026-01-27T10:15:00.000Z,1.713333333,1.9,2.583333333,16.04366667,62.54766667
2026-01-27T10:30:00.000Z,2.25,2.496666667,3.393333333,16.21033333,63.07166667
2026-01-27T10:45:00.000Z,2.163333333,2.403333333,3.263333333,16.71933333,62.179
2026-01-27T11:00:00.000Z,2.663333333,2.97,4.03,16.765,61.87166667
2026-01-27T11:15:00.000Z,2.956666667,3.28,4.47,16.99,61.82966667
2026-01-27T11:30:00.000Z,4.393333333,4.89,6.626666667,17.09466667,62.89366667
2026-01-27T11:45:00.000Z,3.666666667,4.066666667,5.53,17.253,61.59866667
2026-01-27T12:00:00.000Z,4.286666667,4.75,6.443333333,17.401,61.469
2026-01-27T12:15:00.000Z,5.476666667,6.093333333,8.256666667,17.77966667,61.17433333
2026-01-27T12:30:00.000Z,7.25,8.043333333,10.88666667,18.46233333,60.93066667
2026-01-27T12:45:00.000Z,10.01666667,11.13333333,15.04666667,18.85066667,61.21633333
2026-01-27T13:00:00.000Z,10.2,11.33666667,15.32666667,19.048,60.52233333
2026-01-27T13:15:00.000Z,9.7,10.76666667,14.57,19.143,59.47566667
2026-01-27T13:30:00.000Z,10.02666667,11.13666667,15.06,19.326,58.97366667
2026-01-27T13:45:00.000Z,10.64,11.81,15.97,19.09866667,59.87033333
2026-01-27T14:00:00.000Z,12.78666667,14.19,19.2,19.216,60.491
2026-01-27T14:15:00.000Z,10.52333333,11.67666667,15.80333333,19.08233333,60.38633333
2026-01-27T14:30:00.000Z,12.09,13.42,18.16666667,19.20133333,60.39933333
2026-01-27T14:45:00.000Z,14.73666667,16.36666667,22.13,19.35933333,60.33066667
2026-01-27T15:00:00.000Z,14.67333333,16.28333333,22.02,19.155,61.26666667
2026-01-27T15:15:00.000Z,13.72,15.23333333,20.60333333,19.07033333,61.76533333
2026-01-27T15:30:00.000Z,14.02666667,15.58,21.06333333,18.85133333,62.503
2026-01-27T15:45:00.000Z,13.98333333,15.52666667,21,18.962,62.06566667
2026-01-27T16:00:00.000Z,12.04333333,13.38666667,18.1,18.93666667,61.70666667
2026-01-27T16:15:00.000Z,11.78666667,13.08333333,17.70333333,18.87366667,61.575
2026-01-27T16:30:00.000Z,13.01333333,14.45333333,19.55333333,18.71066667,61.666
2026-01-27T16:45:00.000Z,13.52333333,15.01,20.30333333,18.58066667,61.795
2026-01-27T17:00:00.000Z,12,13.33,18.02333333,18.65266667,61.22166667
2026-01-27T17:15:00.000Z,12.2,13.54666667,18.33,18.59966667,61.66
2026-01-27T17:30:00.000Z,12.80666667,14.22,19.22666667,18.33233333,62.03033333
2026-01-27T17:45:00.000Z,12.67,14.07,19.03666667,18.48833333,62.004
2026-01-27T18:00:00.000Z,11.57666667,12.85333333,17.4,18.40733333,62.24166667
2026-01-27T18:15:00.000Z,10.98,12.19666667,16.49666667,18.385,62.134
2026-01-27T18:30:00.000Z,10.10666667,11.22333333,15.19333333,18.40833333,62.36766667
2026-01-27T18:45:00.000Z,8.873333333,9.87,13.35,18.44366667,62.26933333
2026-01-27T19:00:00.000Z,8.796666667,9.773333333,13.23,18.24566667,63.08633333
2026-01-27T19:15:00.000Z,9.568965517,10.62758621,14.37931034,18.07724138,63.46862069
2026-01-27T19:30:00.000Z,7.663333333,8.5,11.52333333,18.153,63.135
2026-01-27T19:45:00.000Z,5.81,6.446666667,8.73,18.055,62.66666667
2026-01-27T20:00:00.000Z,6.075862069,6.744827586,9.148275862,18.00793103,62.5762069
2026-01-27T20:15:00.000Z,7.44516129,8.261290323,11.19032258,18.01258065,63.22419355
2026-01-27T20:30:00.000Z,6.97,7.756666667,10.48666667,18.17833333,62.944
2026-01-27T20:45:00.000Z,7.703333333,8.566666667,11.57666667,18.04333333,63.603
2026-01-27T21:00:00.000Z,7.46,8.273333333,11.20333333,17.972,63.10466667
2026-01-27T21:15:00.000Z,5.266666667,5.846666667,7.91,18.027,61.58033333
2026-01-27T21:30:00.000Z,5.256666667,5.84,7.906666667,17.89,61.059
2026-01-27T21:45:00.000Z,4.506666667,5.016666667,6.796666667,17.711,61.291
2026-01-27T22:00:00.000Z,4.37,4.866666667,6.59,17.67366667,61.49133333
2026-01-27T22:15:00.000Z,3.49,3.88,5.26,17.83333333,61.18933333
2026-01-27T22:30:00.000Z,4.13,4.59,6.226666667,17.82966667,61.39433333
2026-01-27T22:45:00.000Z,4.213333333,4.693333333,6.346666667,17.837,61.78366667
2026-01-27T23:00:00.000Z,4.51,5.03,6.793333333,18.03233333,61.684
2026-01-27T23:15:00.000Z,3.996666667,4.436666667,6.023333333,18.243,61.38066667
2026-01-27T23:30:00.000Z,6.863333333,7.613333333,10.31666667,18.292,61.75666667
2026-01-27T23:45:00.000Z,4.546666667,5.053333333,6.853333333,17.79233333,63.48833333
2026-01-28T00:00:00.000Z,4.21,4.676666667,6.336666667,17.13666667,65.36733333
2026-01-28T00:15:00.000Z,3.94,4.38,5.93,17.20766667,64.99666667
2026-01-28T00:30:00.000Z,5.02,5.57,7.55,16.853,65.071
2026-01-28T00:45:00.000Z,4.19,4.656666667,6.296666667,16.737,64.709
2026-01-28T01:00:00.000Z,3.793333333,4.206666667,5.703333333,16.66866667,64.78133333
2026-01-28T01:15:00.000Z,2.496666667,2.776666667,3.78,16.20733333,63.958
2026-01-28T01:30:00.000Z,1.793333333,2.006666667,2.713333333,15.54433333,64.199
2026-01-28T01:45:00.000Z,1.443333333,1.603333333,2.176666667,15.428,63.89866667
2026-01-28T02:00:00.000Z,0.953333333,1.056666667,1.46,15.39033333,64.22333333
2026-01-28T02:15:00.000Z,1.766666667,1.966666667,2.676666667,15.37766667,63.776
2026-01-28T02:30:00.000Z,2.216666667,2.47,3.366666667,15.08866667,64.06033333
2026-01-28T02:45:00.000Z,2.58,2.873333333,3.896666667,14.85866667,63.81466667
2026-01-28T03:00:00.000Z,0.75,0.846666667,1.17,13.90733333,62.47766667
2026-01-28T03:15:00.000Z,0.683333333,0.763333333,1.056666667,12.97166667,61.892
2026-01-28T03:30:00.000Z,0.47,0.543333333,0.746666667,12.52333333,62.14866667
2026-01-28T03:45:00.000Z,0.57,0.633333333,0.876666667,12.227,61.64733333
2026-01-28T04:00:00.000Z,0.57,0.613333333,0.856666667,12.04433333,61.76533333
2026-01-28T04:15:00.000Z,0.353333333,0.393333333,0.626666667,11.942,60.40966667
2026-01-28T04:30:00.000Z,0.383333333,0.426666667,0.603333333,11.86133333,59.97733333
2026-01-28T04:45:00.000Z,0.373333333,0.416666667,0.583333333,11.76733333,59.75666667
2026-01-28T05:00:00.000Z,0.47,0.516666667,0.73,11.615,59.22533333
2026-01-28T05:15:00.000Z,0.426666667,0.516666667,0.886666667,11.84533333,58.96566667
2026-01-28T05:30:00.000Z,0.376666667,0.433333333,0.616666667,12.065,58.414
2026-01-28T05:45:00.000Z,0.363333333,0.403333333,1.32,12.17166667,58.02266667
2026-01-28T06:00:00.000Z,0.44,0.53,1.206666667,12.21966667,57.77466667
2026-01-28T06:15:00.000Z,0.66,0.783333333,1.483333333,12.531,58.148
2026-01-28T06:30:00.000Z,0.62,0.696666667,0.956666667,12.79566667,57.96033333
2026-01-28T06:45:00.000Z,0.55,0.616666667,0.853333333,12.88066667,58.38533333
2026-01-28T07:00:00.000Z,1.503333333,1.69,2.23,12.905,58.31766667
2026-01-28T07:15:00.000Z,0.996666667,1.393333333,2.003333333,12.93433333,57.64466667
2026-01-28T07:30:00.000Z,0.72,0.803333333,1.096666667,12.73133333,58.384
2026-01-28T07:45:00.000Z,0.79,0.863333333,1.193333333,12.74,59.04
2026-01-28T08:00:00.000Z,0.686666667,0.816666667,1.05,12.924,58.195
2026-01-28T08:15:00.000Z,0.74,0.943333333,1.98,13.08566667,55.93366667
2026-01-28T08:30:00.000Z,0.743333333,1.09,2.21,13.224,55.84666667
2026-01-28T08:45:00.000Z,0.963333333,1.863333333,2.783333333,13.33633333,56.095
2026-01-28T09:00:00.000Z,0.97,1.406666667,2.87,13.49533333,56.38866667
2026-01-28T09:15:00.000Z,1.79,2.483333333,3.89,13.71133333,56.23433333
2026-01-28T09:30:00.000Z,1.226666667,1.75,3.153333333,13.92333333,55.51333333
2026-01-28T09:45:00.000Z,1.576666667,1.993333333,2.506666667,13.931,55.87766667
2026-01-28T10:00:00.000Z,1.36,2.083333333,2.943333333,14.17366667,54.956
2026-01-28T10:15:00.000Z,1.373333333,1.696666667,2.66,14.97733333,53.801
2026-01-28T10:30:00.000Z,1.436666667,2.08,3.763333333,15.874,51.362
2026-01-28T10:45:00.000Z,1.333333333,2.073333333,2.653333333,16.71033333,49.65366667
2026-01-28T11:00:00.000Z,1.11,1.443333333,2.19,17.19166667,47.97766667
2026-01-28T11:15:00.000Z,1.043333333,1.796666667,3.186666667,17.02333333,47.65933333
2026-01-28T11:30:00.000Z,1.466666667,1.896666667,3.833333333,16.64733333,47.19166667
2026-01-28T11:45:00.000Z,1.326666667,2.42,4.076666667,17.602,45.07033333
2026-01-28T12:00:00.000Z,1.326666667,2.303333333,3.69,24.71466667,31.425
2026-01-28T12:15:00.000Z,1.323333333,1.896666667,3.493333333,25.78166667,29.87466667
2026-01-28T12:30:00.000Z,1.42,2.316666667,3.26,26.723,28.56333333
2026-01-28T12:45:00.000Z,1.316666667,2.126666667,2.8,23.78266667,31.53466667
2026-01-28T13:00:00.000Z,1.81,2.946666667,4.183333333,21.924,33.55633333
2026-01-28T13:15:00.000Z,1.39,1.9,2.696666667,20.50933333,35.40333333
2026-01-28T13:30:00.000Z,1.013333333,2.073333333,3.083333333,18.978,38.498
2026-01-28T13:45:00.000Z,0.913333333,1.166666667,1.65,21.58466667,33.86233333
2026-01-28T14:00:00.000Z,0.89,1.42,1.75,21.53133333,33.88433333
2026-01-28T14:15:00.000Z,1.133333333,1.8,3.766666667,22.39033333,32.526
2026-01-28T14:30:00.000Z,0.93,1.34,2.183333333,23.71766667,29.07233333
2026-01-28T14:45:00.000Z,0.973333333,1.466666667,2.23,22.958,30.58266667
2026-01-28T15:00:00.000Z,0.856666667,1.363333333,2.183333333,23.02333333,31.00466667
2026-01-28T15:15:00.000Z,1.27,1.833333333,3.23,21.73533333,32.318
2026-01-28T15:30:00.000Z,1.16,1.47,2.3,19.15333333,35.46666667
2026-01-28T15:45:00.000Z,1.153333333,1.25,2.29,18.594,36.514
2026-01-28T16:00:00.000Z,1.443333333,2.086666667,3.5,17.00033333,39.69066667
2026-01-28T16:15:00.000Z,1.173333333,1.73,2.333333333,16.415,40.92266667
2026-01-28T16:30:00.000Z,1.186666667,1.696666667,2.02,15.776,42.25666667
2026-01-28T16:45:00.000Z,1.423333333,1.893333333,2.91,15.56633333,43.22566667
2026-01-28T17:00:00.000Z,1.903333333,2.686666667,3.596666667,15.383,43.33166667
2026-01-28T17:15:00.000Z,1.733333333,2.863333333,4.223333333,15.07433333,44.56533333
2026-01-28T17:30:00.000Z,2.493333333,3.443333333,4.773333333,14.90766667,45.03666667
2026-01-28T17:45:00.000Z,1.98,2.566666667,4.196666667,14.77266667,45.449
2026-01-28T18:00:00.000Z,2.73,3.65,4.966666667,14.545,46.58533333
2026-01-28T18:15:00.000Z,4.336666667,6.046666667,7.873333333,14.426,46.76333333
2026-01-28T18:30:00.000Z,2.896666667,4.026666667,4.78,14.29166667,46.86866667
2026-01-28T18:45:00.000Z,3.063333333,4.42,6.76,14.07233333,46.574
2026-01-28T19:00:00.000Z,2.833333333,3.813333333,5.74,13.88833333,46.17266667
2026-01-28T19:15:00.000Z,2.35,3.123333333,3.646666667,13.761,45.87666667
2026-01-28T19:30:00.000Z,2.083333333,2.656666667,3.386666667,13.64833333,45.70833333
2026-01-28T19:45:00.000Z,1.723333333,2.213333333,3.013333333,13.56733333,45.94566667
2026-01-28T20:00:00.000Z,2.73,3.8,5.666666667,13.366,47.71266667
2026-01-28T20:15:00.000Z,2.48,3.723333333,5.48,13.36666667,48.283
2026-01-28T20:30:00.000Z,2.656666667,3.883333333,5.83,13.238,48.835
2026-01-28T20:45:00.000Z,2.1,3.013333333,4.573333333,13.152,48.847
2026-01-28T21:00:00.000Z,2.083333333,3.03,5.183333333,13.005,48.934
2026-01-28T21:15:00.000Z,2,2.72,3.453333333,12.92033333,48.98166667
2026-01-28T21:30:00.000Z,1.89,2.936666667,3.893333333,12.892,48.82166667
2026-01-28T21:45:00.000Z,1.816666667,2.69,4.92,12.71533333,49.01733333
2026-01-28T22:00:00.000Z,1.753333333,2.61,3.52,12.623,48.974
2026-01-28T22:15:00.000Z,2.07,2.763333333,3.606666667,12.53466667,49.097
2026-01-28T22:30:00.000Z,1.8,2.653333333,3.306666667,12.53333333,49.335
2026-01-28T22:45:00.000Z,1.886666667,2.8,3.833333333,12.31733333,50.41633333
2026-01-28T23:00:00.000Z,1.763333333,2.653333333,4.663333333,12.368,50.45166667
2026-01-28T23:15:00.000Z,1.55,2.5,4.203333333,12.423,50.32666667
2026-01-28T23:30:00.000Z,1.71,2.39,2.876666667,12.411,50.549
2026-01-28T23:45:00.000Z,2.036666667,3.163333333,5.356666667,12.13833333,51.697
2026-01-29T00:00:00.000Z,1.736666667,2.596666667,3.623333333,12.06866667,51.12866667
2026-01-29T00:15:00.000Z,1.82,2.663333333,3.193333333,12.05133333,51.52633333
2026-01-29T00:30:00.000Z,2.276666667,2.99,4.356666667,11.917,52.464
2026-01-29T00:45:00.000Z,2.253333333,2.94,5.83,11.79966667,52.967
2026-01-29T01:00:00.000Z,2.47,3.513333333,4.426666667,11.656,53.937
2026-01-29T01:15:00.000Z,2.183333333,2.6,3.14,11.52566667,53.73766667
2026-01-29T01:30:00.000Z,2.083333333,3.096666667,3.943333333,11.46233333,53.18766667
2026-01-29T01:45:00.000Z,2.083333333,2.963333333,3.56,11.41466667,53.32466667
2026-01-29T02:00:00.000Z,2.513333333,3.366666667,4.126666667,11.255,54.57066667
2026-01-29T02:15:00.000Z,3.056666667,4.553333333,6.333333333,11.086,55.67766667
2026-01-29T02:30:00.000Z,3.096666667,3.953333333,4.763333333,10.91766667,56.08266667
2026-01-29T02:45:00.000Z,3.096666667,4.833333333,6.696666667,10.94,55.93133333
2026-01-29T03:00:00.000Z,3.053333333,3.88,4.87,10.92166667,55.54366667
2026-01-29T03:15:00.000Z,2.883333333,3.856666667,5.503333333,10.83833333,55.81966667
2026-01-29T03:30:00.000Z,2.7,3.633333333,5.07,10.75033333,55.804
2026-01-29T03:45:00.000Z,2.793333333,3.586666667,4.16,10.77333333,55.281
2026-01-29T04:00:00.000Z,2.686666667,3.426666667,4.69,10.724,54.939
2026-01-29T04:15:00.000Z,2.31,3.37,4.093333333,10.65166667,54.484
2026-01-29T04:30:00.000Z,2.44,3.076666667,5.36,10.61566667,54.058
2026-01-29T04:45:00.000Z,2.066666667,2.93,4.456666667,10.643,53.813
2026-01-29T05:00:00.000Z,2.093333333,2.583333333,4.193333333,10.551,53.94133333
2026-01-29T05:15:00.000Z,2.8,3.853333333,5.576666667,10.569,54.52733333
2026-01-29T05:30:00.000Z,2.463333333,3.636666667,4.76,10.531,54.65733333
2026-01-29T05:45:00.000Z,2.306666667,3.31,4.76,10.55566667,53.49833333
2026-01-29T06:00:00.000Z,2.3,3.546666667,5.003333333,10.61966667,53.122
2026-01-29T06:15:00.000Z,2.64,3.273333333,5.733333333,10.667,52.86433333
2026-01-29T06:30:00.000Z,2.263333333,2.986666667,4.333333333,10.74666667,52.62833333
2026-01-29T06:45:00.000Z,2.56,4.013333333,5.74,10.75866667,52.48033333
2026-01-29T07:00:00.000Z,2.73,3.84,4.516666667,10.84733333,52.28733333
2026-01-29T07:15:00.000Z,2.863333333,4.076666667,5.053333333,10.89333333,52.31266667
2026-01-29T07:30:00.000Z,3.006666667,4.236666667,7.37,11.22866667,52.047
2026-01-29T07:45:00.000Z,1.993333333,2.723333333,4.073333333,11.72533333,51.17666667
2026-01-29T08:00:00.000Z,2.37,3.273333333,5.376666667,11.598,52.32633333
2026-01-29T08:15:00.000Z,2.253333333,3.18,4.613333333,12.18933333,51.394
2026-01-29T08:30:00.000Z,2.536666667,3.74,5.51,12.545,49.914
2026-01-29T08:45:00.000Z,2.81,3.56,5.086666667,12.959,48.526
2026-01-29T09:00:00.000Z,3.263333333,4.903333333,8.173333333,12.742,48.37266667
2026-01-29T09:15:00.000Z,3.063333333,4.85,6.283333333,13.02266667,47.75366667
2026-01-29T09:30:00.000Z,2.573333333,3.9,5.206666667,13.34133333,47.12866667
2026-01-29T09:45:00.000Z,2.716666667,4.133333333,5.46,14.16966667,45.84066667
2026-01-29T10:00:00.000Z,2.513333333,3.95,4.92,14.83833333,43.90266667
2026-01-29T10:15:00.000Z,2.886666667,4.043333333,6.526666667,15.796,41.70233333
2026-01-29T10:30:00.000Z,2.64,3.783333333,4.773333333,16.527,40.544
2026-01-29T10:45:00.000Z,2.38,3.596666667,4.866666667,17.146,38.54166667
2026-01-29T11:00:00.000Z,1.956666667,2.97,4.03,17.49233333,38.06366667
2026-01-29T11:15:00.000Z,1.82,2.476666667,5.113333333,17.28833333,38.43666667
2026-01-29T11:30:00.000Z,2.09,2.92,4.076666667,16.97466667,38.961
2026-01-29T11:45:00.000Z,2.303333333,3.116666667,5.94,18.74566667,35.72866667
2026-01-29T12:00:00.000Z,2.35,3.526666667,5.003333333,24.53166667,26.62633333
2026-01-29T12:15:00.000Z,2.316666667,3.246666667,5.02,25.27666667,25.25566667
2026-01-29T12:30:00.000Z,2.146666667,3.03,5.28,28.83066667,21.31366667
2026-01-29T12:45:00.000Z,1.686666667,2.823333333,3.933333333,29.46966667,20.31933333
2026-01-29T13:00:00.000Z,1.483333333,2.14,2.75,29.74633333,19.99966667
2026-01-29T13:15:00.000Z,1.636666667,2.42,4.566666667,29.76966667,19.83366667
2026-01-29T13:30:00.000Z,1.296666667,1.873333333,3.31,29.08166667,20.57366667
2026-01-29T13:45:00.000Z,1.316666667,2.31,4.283333333,25.90833333,23.593
2026-01-29T14:00:00.000Z,1.89,2.916666667,4.336666667,26.48666667,23.01366667
2026-01-29T14:15:00.000Z,1.223333333,1.77,2.56,26.077,23.64766667
2026-01-29T14:30:00.000Z,1.486666667,2.056666667,3.086666667,25.87766667,23.688
2026-01-29T14:45:00.000Z,1.38,1.786666667,2.553333333,26.47633333,23.82633333
2026-01-29T15:00:00.000Z,1.28,1.82,3.73,24.53066667,26.17966667
2026-01-29T15:15:00.000Z,1.456666667,2.156666667,2.776666667,21.89433333,28.51966667
2026-01-29T15:30:00.000Z,1.736666667,2.243333333,4.723333333,18.592,32.91266667
2026-01-29T15:45:00.000Z,1.44,2.05,2.786666667,17.45133333,34.53233333
2026-01-29T16:00:00.000Z,1.783333333,2.603333333,4.29,16.82266667,36.04433333
2026-01-29T16:15:00.000Z,1.626666667,2.28,4.073333333,16.48366667,36.90666667
2026-01-29T16:30:00.000Z,1.946666667,3.08,3.523333333,16.23733333,37.784
2026-01-29T16:45:00.000Z,2.193333333,2.93,5.19,15.95833333,39.60766667
2026-01-29T17:00:00.000Z,2.346666667,3.176666667,4.906666667,15.67733333,42.15633333
2026-01-29T17:15:00.000Z,2.146666667,2.986666667,5.963333333,15.46266667,42.38833333
2026-01-29T17:30:00.000Z,3.693333333,4.866666667,5.85,15.21866667,43.60433333
2026-01-29T17:45:00.000Z,2.623333333,3.316666667,4.373333333,15.10333333,43.47933333
2026-01-29T18:00:00.000Z,2.79,3.6,4.766666667,14.944,42.84633333
2026-01-29T18:15:00.000Z,2.676666667,3.583333333,4.133333333,14.86433333,42.64366667
2026-01-29T18:30:00.000Z,3.136666667,3.986666667,5.483333333,14.51366667,43.07366667
2026-01-29T18:45:00.000Z,3.603333333,5.28,6.033333333,13.885,43.88233333
2026-01-29T19:00:00.000Z,6.146666667,8.77,10.78666667,13.557,45.232
2026-01-29T19:15:00.000Z,11.62666667,16.02333333,19.90666667,13.328,47.072
2026-01-29T19:30:00.000Z,9.236666667,11.98333333,14.57666667,13.13166667,46.75933333
2026-01-29T19:45:00.000Z,4.043333333,5.433333333,6.303333333,13.09466667,46.33366667
2026-01-29T20:00:00.000Z,5.986666667,7.94,10.81,12.98066667,47.56366667
2026-01-29T20:15:00.000Z,2.816666667,3.633333333,4.81,13.064,46.483
2026-01-29T20:30:00.000Z,3.656666667,4.943333333,6.27,13.09166667,46.47666667
2026-01-29T20:45:00.000Z,8.273333333,10.92666667,13.46666667,12.66766667,47.201
2026-01-29T21:00:00.000Z,8.103333333,10.72333333,13.32666667,12.24933333,47.91733333
2026-01-29T21:15:00.000Z,8.166666667,10.70333333,12.98666667,12.17533333,47.942
2026-01-29T21:30:00.000Z,6.76,8.8,10.71333333,12.23033333,47.919
2026-01-29T21:45:00.000Z,12.25666667,15.65,16.95666667,12.45566667,48.655
2026-01-29T22:00:00.000Z,11.97666667,15.02,18.15666667,12.544,48.77866667
2026-01-29T22:15:00.000Z,10.06,13.34666667,16.08666667,12.403,48.40833333
2026-01-29T22:30:00.000Z,11.53333333,14.12666667,16.57666667,12.18833333,49.268
2026-01-29T22:45:00.000Z,11.54333333,14.51333333,17.33666667,11.76266667,50.35966667
2026-01-29T23:00:00.000Z,12.48666667,15.46666667,19.89,11.53066667,50.65766667
2026-01-29T23:15:00.000Z,14.7,19.7,22.03333333,11.408,51.30433333
2026-01-29T23:30:00.000Z,17.11,22.34333333,27,11.30833333,51.05966667
2026-01-29T23:45:00.000Z,14.54333333,17.88,20.82,11.31633333,50.656
2026-01-30T00:00:00.000Z,13.12,16.96333333,19.04,11.231,51.07566667
2026-01-30T00:15:00.000Z,9.46,12.00333333,14.04,11.31433333,50.83833333
2026-01-30T00:30:00.000Z,6.606666667,9.053333333,12.58,11.56266667,50.13266667
2026-01-30T00:45:00.000Z,5.59,7.873333333,9.376666667,11.82266667,49.98766667
2026-01-30T01:00:00.000Z,5.206666667,6.953333333,7.736666667,12.023,49.79966667
2026-01-30T01:15:00.000Z,7.18,9.02,10.49,12.14833333,49.828
2026-01-30T01:30:00.000Z,10.79,14.32666667,17.13333333,12.206,49.96666667
2026-01-30T01:45:00.000Z,6.1,7.756666667,8.64,12.48633333,49.995
2026-01-30T02:00:00.000Z,5.616666667,7.386666667,10.59333333,12.61733333,50.15133333
2026-01-30T02:15:00.000Z,5.686666667,7.283333333,8.363333333,12.726,50.28633333
2026-01-30T02:30:00.000Z,6.463333333,8.183333333,9.673333333,12.89033333,50.204
2026-01-30T02:45:00.000Z,4.696666667,5.73,5.983333333,13.05333333,50.10666667
2026-01-30T03:00:00.000Z,6.703333333,8.82,11.83,13.17233333,50.463
2026-01-30T03:15:00.000Z,5.466666667,6.75,9.36,13.17533333,50.641
2026-01-30T03:30:00.000Z,5.253333333,6.65,8.456666667,13.09133333,51.72633333
2026-01-30T03:45:00.000Z,5.133333333,6.34,7.79,13.19066667,52.14333333
2026-01-30T04:00:00.000Z,3.43,4.916666667,6.44,13.64866667,52.81133333
2026-01-30T04:15:00.000Z,3.466666667,4.583333333,7.046666667,14.15133333,53.77733333
2026-01-30T04:30:00.000Z,3.456666667,5.506666667,7.623333333,14.56633333,54.589
2026-01-30T04:45:00.000Z,3.343333333,3.713333333,5.036666667,14.77666667,58.31433333
2026-01-30T05:00:00.000Z,4.266666667,4.75,6.433333333,14.802,59.266
2026-01-30T05:15:00.000Z,3.186666667,3.55,4.81,14.89433333,58.125
2026-01-30T05:30:00.000Z,2.6,3.586666667,4.826666667,14.708,57.29633333
2026-01-30T05:45:00.000Z,3.25,4.83,7.59,14.52733333,57.38133333
2026-01-30T06:00:00.000Z,2.663333333,3.75,6.3,14.331,57.101
2026-01-30T06:15:00.000Z,3.056666667,3.99,5.25,13.973,57.691
2026-01-30T06:30:00.000Z,3.67,4.12,5.583333333,13.823,58.24366667
2026-01-30T06:45:00.000Z,2.156666667,2.436666667,3.403333333,13.92066667,57.463
2026-01-30T07:00:00.000Z,3.213333333,4.373333333,5.673333333,14.005,57.368
2026-01-30T07:15:00.000Z,3.783333333,4.653333333,6.976666667,14.13333333,56.83466667
2026-01-30T07:30:00.000Z,2.58,3.753333333,6.726666667,14.28133333,56.31
2026-01-30T07:45:00.000Z,2.043333333,3.286666667,4.303333333,14.489,55.665
2026-01-30T08:00:00.000Z,3.186666667,4.533333333,5.936666667,14.54533333,55.38133333
2026-01-30T08:15:00.000Z,3.32,4.996666667,7.826666667,14.80233333,54.89066667
2026-01-30T08:30:00.000Z,4.643333333,6.436666667,10.92666667,14.95733333,53.82966667
2026-01-30T08:45:00.000Z,3.21,4.436666667,7.003333333,14.78933333,53.85
2026-01-30T09:00:00.000Z,3.06,4.663333333,7.306666667,15.03066667,53.146
2026-01-30T09:15:00.000Z,2.746666667,4.923333333,7.85,15.43066667,52.162
2026-01-30T09:30:00.000Z,2.676666667,3.566666667,6.946666667,15.95533333,51.251
2026-01-30T09:45:00.000Z,2.493333333,3.656666667,5.216666667,16.60466667,49.70966667
2026-01-30T10:00:00.000Z,2.85,4.35,8.8,17.49566667,47.684
2026-01-30T10:15:00.000Z,2.306666667,3.233333333,4.703333333,17.95033333,46.15566667
2026-01-30T10:30:00.000Z,2.463333333,3.253333333,5.333333333,18.75133333,44.39
2026-01-30T10:45:00.000Z,2.096666667,3.036666667,3.773333333,19.65166667,42.632
2026-01-30T11:00:00.000Z,1.853333333,2.523333333,5.09,20.40766667,41.379
2026-01-30T11:15:00.000Z,1.376666667,2.3,3.01,20.13166667,40.17366667
2026-01-30T11:30:00.000Z,1.43,2.27,3.74,19.843,40.50433333
2026-01-30T11:45:00.000Z,1.616666667,2.246666667,3.016666667,22.19233333,35.869
2026-01-30T12:00:00.000Z,1.506666667,2.043333333,3.93,27.093,27.99933333
2026-01-30T12:15:00.000Z,1.1,1.286666667,2.413333333,28.01966667,25.659
2026-01-30T12:30:00.000Z,1.296666667,1.963333333,2.766666667,26.42366667,27.60433333
2026-01-30T12:45:00.000Z,1.663333333,2.86,3.873333333,28.33633333,25.30033333
2026-01-30T13:00:00.000Z,1.723333333,2.803333333,5.663333333,31.74033333,21.66533333
2026-01-30T13:15:00.000Z,1.616666667,2.636666667,4.406666667,28.55966667,24.615
2026-01-30T13:30:00.000Z,2.576666667,3.61,5.313333333,28.72966667,26.093
2026-01-30T13:45:00.000Z,3.74,6.486666667,10.56333333,24.91066667,32.15333333
2026-01-30T14:00:00.000Z,3.62,5.656666667,9.603333333,24.253,32.957
2026-01-30T14:15:00.000Z,3.68,5.626666667,11.48,26.882,29.45666667
2026-01-30T14:30:00.000Z,3.383333333,5.33,9.666666667,27.903,28.303
2026-01-30T14:45:00.000Z,3.453333333,5.396666667,7.016666667,27.14466667,28.79266667
2026-01-30T15:00:00.000Z,3.003333333,4.776666667,7.803333333,27.18366667,29.541
2026-01-30T15:15:00.000Z,3.646666667,5.793333333,10.39333333,24.773,32.48866667
2026-01-30T15:30:00.000Z,4.28,6.573333333,10.93666667,21.403,38.876
2026-01-30T15:45:00.000Z,3.983333333,5.813333333,8.543333333,21.43666667,39.01666667
2026-01-30T16:00:00.000Z,4.203333333,6.55,9.066666667,19.61533333,41.95366667
2026-01-30T16:15:00.000Z,4.47,6.926666667,12.95,18.77566667,43.595
2026-01-30T16:30:00.000Z,5.553333333,8.446666667,14.53,18.023,46.65533333
2026-01-30T16:45:00.000Z,5.033333333,8.786666667,15.98333333,17.56633333,46.48333333
2026-01-30T17:00:00.000Z,6.52,10.33666667,17.33666667,17.24333333,47.884
2026-01-30T17:15:00.000Z,5.95,9.553333333,18.03333333,17.127,48.15866667
2026-01-30T17:30:00.000Z,5.016666667,8.646666667,14.55,17.08966667,47.53666667
2026-01-30T17:45:00.000Z,4.723333333,6.9,12.02333333,17.01766667,47.509
2026-01-30T18:00:00.000Z,3.836666667,5.856666667,10.81,16.81266667,47.72833333
2026-01-30T18:15:00.000Z,4.936666667,7.426666667,12.53,16.394,49.02433333
2026-01-30T18:30:00.000Z,6.973333333,11.04666667,18.20666667,15.993,50.96966667
2026-01-30T18:45:00.000Z,10.24,14.61333333,23.09333333,15.398,51.80233333
2026-01-30T19:00:00.000Z,12.69,18.07666667,25.20666667,14.85966667,52.89033333
2026-01-30T19:15:00.000Z,14.83333333,20.78333333,30.12333333,14.53833333,52.797
2026-01-30T19:30:00.000Z,15.87333333,22.57,32.79666667,14.19666667,53.04233333
2026-01-30T19:45:00.000Z,14.03,18.28666667,25.84333333,13.85333333,53.327
2026-01-30T20:00:00.000Z,14.39,18.55666667,27.38666667,13.569,53.76033333
2026-01-30T20:15:00.000Z,18.39,25.14666667,32.75333333,13.303,54.66033333
2026-01-30T20:30:00.000Z,17.07666667,23.25,30.61666667,13.12566667,55.02433333
2026-01-30T20:45:00.000Z,16.37333333,21.80333333,29.14666667,13.002,55.64466667
2026-01-30T21:00:00.000Z,16.41333333,22.47333333,29.34666667,12.90366667,55.65166667
2026-01-30T21:15:00.000Z,16.56333333,22.96,28.97,12.71966667,55.89666667
2026-01-30T21:30:00.000Z,15.98,20.99666667,29.59666667,12.63266667,55.84533333
2026-01-30T21:45:00.000Z,13.02,17.71,24.27666667,12.43733333,55.219
2026-01-30T22:00:00.000Z,13.22,18.87666667,25.72666667,12.31833333,55.52033333
2026-01-30T22:15:00.000Z,11.30333333,15.98333333,21.04666667,12.40133333,54.94333333
2026-01-30T22:30:00.000Z,11.98666667,16.07666667,22.82,12.319,55.14266667
2026-01-30T22:45:00.000Z,13.58,18.80333333,26.90333333,12.32133333,55.70266667
2026-01-30T23:00:00.000Z,10.69666667,14.06666667,20.25666667,12.43,55.386
2026-01-30T23:15:00.000Z,10.60666667,15.03666667,19.05666667,12.66433333,55.23433333
2026-01-30T23:30:00.000Z,6.726666667,10.00666667,16.79,12.86266667,55.33266667
2026-01-30T23:45:00.000Z,6.67,10.26333333,16.14666667,13.28133333,54.747
2026-01-31T00:00:00.000Z,8.966666667,13.19333333,20.05333333,13.45866667,54.02866667
2026-01-31T00:15:00.000Z,9.333333333,13.18666667,17.95,13.098,54.15633333
2026-01-31T00:30:00.000Z,7.3,10.18,18.06333333,13.071,54.06633333
2026-01-31T00:45:00.000Z,7.38,10.34666667,15.48666667,13.01666667,54.23933333
2026-01-31T01:00:00.000Z,7.19,10.52333333,16.24,13.07466667,53.45466667
2026-01-31T01:15:00.000Z,6.65,9.55,13.25333333,12.90566667,52.37766667
2026-01-31T01:30:00.000Z,6.196666667,8.046666667,12.78,12.87766667,52.32733333
2026-01-31T01:45:00.000Z,5.123333333,7.503333333,9.28,13.07333333,51.96733333
2026-01-31T02:00:00.000Z,4.13,5.903333333,9.063333333,13.29033333,51.524
2026-01-31T02:15:00.000Z,4.52,6.573333333,8.526666667,13.32233333,50.73033333
2026-01-31T02:30:00.000Z,4.91,7.166666667,11.96333333,13.43966667,50.292
2026-01-31T02:45:00.000Z,5.446666667,7.78,9.716666667,13.40133333,50.12633333
2026-01-31T03:00:00.000Z,4.383333333,6.256666667,9.623333333,13.346,50.782
2026-01-31T03:15:00.000Z,4.223333333,6.306666667,10.19,13.55433333,50.609
2026-01-31T03:30:00.000Z,3.28,4.456666667,8.9,13.821,54.03833333
2026-01-31T03:45:00.000Z,3.55,4.916666667,9.346666667,13.84166667,55.12933333
2026-01-31T04:00:00.000Z,3.29,4.616666667,6.42,13.29433333,56.647
2026-01-31T04:15:00.000Z,3.156666667,4.43,6.883333333,13.201,56.946
2026-01-31T04:30:00.000Z,3.26,4.13,6.25,13.02933333,57.87066667
2026-01-31T04:45:00.000Z,3.046666667,3.396666667,4.603333333,12.87266667,58.472
2026-01-31T05:00:00.000Z,2.83,3.146666667,4.263333333,12.984,58.331
2026-01-31T05:15:00.000Z,2.243333333,2.486666667,3.39,13.033,58.197
2026-01-31T05:30:00.000Z,2.13,2.376666667,3.22,12.97233333,58.14633333
2026-01-31T05:45:00.000Z,1.88,2.09,2.846666667,13.07866667,58.21733333
2026-01-31T06:00:00.000Z,1.903333333,2.12,2.883333333,13.33833333,57.599
2026-01-31T06:15:00.000Z,1.283333333,1.416666667,1.95,13.57933333,57.24533333
2026-01-31T06:30:00.000Z,1.023333333,1.43,2.036666667,13.716,57.06033333
2026-01-31T06:45:00.000Z,1.713333333,1.903333333,2.596666667,13.67233333,57.548
2026-01-31T07:00:00.000Z,1.833333333,2.036666667,2.776666667,13.68633333,57.92666667
2026-01-31T07:15:00.000Z,2.263333333,2.516666667,3.416666667,13.64466667,58.45033333
2026-01-31T07:30:00.000Z,2.553333333,2.836666667,3.853333333,13.59066667,59.267
2026-01-31T07:45:00.000Z,2.503333333,2.773333333,3.786666667,13.63166667,59.54833333
2026-01-31T08:00:00.000Z,3.633333333,4.036666667,5.473333333,13.63266667,59.89366667
2026-01-31T08:15:00.000Z,2.61,2.896666667,3.933333333,13.63766667,60.31933333
2026-01-31T08:30:00.000Z,2.86,3.183333333,4.323333333,13.59433333,60.807
2026-01-31T08:45:00.000Z,2.48,2.766666667,3.77,13.62033333,60.80633333
2026-01-31T09:00:00.000Z,2.04,2.276666667,3.096666667,13.43,60.54866667
2026-01-31T09:15:00.000Z,2.46,2.746666667,3.71,13.098,60.356
2026-01-31T09:30:00.000Z,2.46,2.736666667,3.713333333,12.718,59.68666667
2026-01-31T09:45:00.000Z,1.406666667,1.556666667,2.133333333,12.67366667,59.46133333
2026-01-31T10:00:00.000Z,1.386666667,1.55,2.11,12.78666667,59.54933333
2026-01-31T10:15:00.000Z,1.513333333,1.673333333,2.3,13.18133333,59.16
2026-01-31T10:30:00.000Z,1.75,1.946666667,2.646666667,13.59266667,58.47066667
2026-01-31T10:45:00.000Z,2.543333333,2.833333333,3.843333333,13.98433333,58.26966667
2026-01-31T11:00:00.000Z,2.7,2.993333333,4.066666667,14.39333333,57.66966667
2026-01-31T11:15:00.000Z,2.47,2.756666667,4.18,14.51566667,56.62533333
2026-01-31T11:30:00.000Z,3.216666667,3.743333333,5.926666667,14.77366667,56.32033333
2026-01-31T11:45:00.000Z,3.07,3.876666667,5.456666667,15.193,55.912
2026-01-31T12:00:00.000Z,3.273333333,4.25,5.923333333,15.26,54.60633333
2026-01-31T12:15:00.000Z,3.623333333,5.336666667,6.903333333,15.36966667,54.67233333
2026-01-31T12:30:00.000Z,3.663333333,5.283333333,7.09,15.603,54.658
2026-01-31T12:45:00.000Z,2.383333333,3.696666667,6.91,15.74966667,53.69066667
2026-01-31T13:00:00.000Z,2.473333333,3.383333333,4.423333333,15.95733333,53.192
2026-01-31T13:15:00.000Z,2.293333333,2.993333333,3.293333333,16.32133333,52.435
2026-01-31T13:30:00.000Z,2.996666667,4.19,6.086666667,16.778,51.40833333
2026-01-31T13:45:00.000Z,3.203333333,5.36,8.203333333,17.80166667,49.30566667
2026-01-31T14:00:00.000Z,4.22,6.243333333,8.64,17.742,48.28833333
2026-01-31T14:15:00.000Z,4.45,6.716666667,11.58666667,16.98566667,50.345
2026-01-31T14:30:00.000Z,4.573333333,6.56,9.343333333,16.482,51.87
2026-01-31T14:45:00.000Z,4.876666667,7.096666667,10.09,15.98733333,53.144
2026-01-31T15:00:00.000Z,3.98,5.59,9.273333333,16.15633333,53.46133333
2026-01-31T15:15:00.000Z,4.346666667,6.34,9.473333333,16.378,53.34733333
2026-01-31T15:30:00.000Z,4.716666667,6.223333333,8.836666667,16.722,52.75366667
2026-01-31T15:45:00.000Z,2.886666667,3.703333333,5.303333333,17.35166667,52.125
2026-01-31T16:00:00.000Z,3.49,5.173333333,7.626666667,17.29333333,51.53366667
2026-01-31T16:15:00.000Z,3.5,4.513333333,5.983333333,16.75866667,52.11733333
2026-01-31T16:30:00.000Z,3.42,4.623333333,6.526666667,16.07733333,53.415
2026-01-31T16:45:00.000Z,3.536666667,4.39,6.48,15.51233333,54.18233333
2026-01-31T17:00:00.000Z,3.823333333,4.87,6.536666667,15.04033333,54.81566667
2026-01-31T17:15:00.000Z,3.306666667,4.693333333,5.753333333,14.71533333,55.277
2026-01-31T17:30:00.000Z,3.186666667,4.233333333,5.99,14.355,55.64933333
2026-01-31T17:45:00.000Z,3.99,5.41,7.196666667,14.22133333,56.198
2026-01-31T18:00:00.000Z,4.47,5.46,6.386666667,13.969,57.194
2026-01-31T18:15:00.000Z,4.9,5.416666667,7.243333333,13.70733333,57.621
2026-01-31T18:30:00.000Z,7.27,8.083333333,10.94,13.55733333,58.20066667
2026-01-31T18:45:00.000Z,8.24,9.163333333,12.38333333,13.399,58.24133333
2026-01-31T19:00:00.000Z,14.25,15.82666667,21.4,13.32033333,58.98633333
2026-01-31T19:15:00.000Z,18.55,20.6,27.85333333,13.204,59.48966667
2026-01-31T19:30:00.000Z,20.69666667,22.97666667,31.05666667,13.102,59.684
2026-01-31T19:45:00.000Z,12.42,13.79666667,18.65666667,13.094,59.49
2026-01-31T20:00:00.000Z,7.686666667,8.54,11.56,13.12433333,59.15933333
2026-01-31T20:15:00.000Z,7.966666667,8.85,11.97,13.136,59.109
2026-01-31T20:30:00.000Z,8.883333333,9.87,13.35666667,13.15733333,58.89833333
2026-01-31T20:45:00.000Z,8.346666667,9.293333333,12.56666667,13.27233333,58.83833333
2026-01-31T21:00:00.000Z,7.87,8.736666667,11.82666667,13.30033333,58.67733333
2026-01-31T21:15:00.000Z,6.196666667,6.9,9.343333333,13.25766667,58.598
2026-01-31T21:30:00.000Z,4.896666667,5.44,7.376666667,13.078,58.53133333
2026-01-31T21:45:00.000Z,4.126666667,4.576666667,6.213333333,12.84766667,58.40033333
2026-01-31T22:00:00.000Z,3.846666667,4.673333333,6.493333333,12.91366667,57.106
2026-01-31T22:15:00.000Z,2.756666667,4.003333333,4.553333333,13.00633333,56.04233333
2026-01-31T22:30:00.000Z,2.356666667,2.923333333,3.89,12.95833333,55.95466667
2026-01-31T22:45:00.000Z,3.183333333,4.503333333,5.173333333,12.84466667,55.89466667
2026-01-31T23:00:00.000Z,2.796666667,3.79,5.536666667,12.892,55.59233333
2026-01-31T23:15:00.000Z,1.866666667,2.546666667,4.11,12.91166667,55.54
2026-01-31T23:30:00.000Z,1.773333333,2.763333333,4.043333333,12.825,55.73333333
2026-01-31T23:45:00.000Z,1.57,2.05,2.613333333,12.77233333,55.79033333
2026-02-01T00:00:00.000Z,1.963333333,2.713333333,3.316666667,12.867,55.70966667
2026-02-01T00:15:00.000Z,1.813333333,2.63,3.083333333,12.76433333,56.04366667
2026-02-01T00:30:00.000Z,1.833333333,2.356666667,4.15,12.60533333,56.47066667
2026-02-01T00:45:00.000Z,1.666666667,2.04,2.993333333,12.48266667,56.806
2026-02-01T01:00:00.000Z,1.643333333,2.31,3.54,12.31766667,57.12433333
2026-02-01T01:15:00.000Z,2.1,2.343333333,3.176666667,12.35266667,57.29533333
2026-02-01T01:30:00.000Z,1.95,2.16,2.946666667,12.11133333,57.88133333
2026-02-01T01:45:00.000Z,2.156666667,2.413333333,3.276666667,11.88133333,58.25333333
2026-02-01T02:00:00.000Z,1.986666667,2.21,3.016666667,12.19166667,57.71066667
2026-02-01T02:15:00.000Z,2.186666667,2.896666667,3.386666667,12.13333333,57.42066667
2026-02-01T02:30:00.000Z,1.763333333,2.07,2.52,12.32233333,56.75566667
2026-02-01T02:45:00.000Z,2.446666667,3.33,4.49,12.17,56.446
2026-02-01T03:00:00.000Z,2.813333333,3.993333333,5.313333333,11.91633333,56.481
2026-02-01T03:15:00.000Z,3.836666667,4.85,6.35,11.82033333,56.34633333
2026-02-01T03:30:00.000Z,4.713333333,5.706666667,8,11.84466667,56.29066667
2026-02-01T03:45:00.000Z,5.323333333,7.423333333,10.12666667,12.01266667,55.94133333
2026-02-01T04:00:00.000Z,5.38,6.286666667,8.75,12.121,55.67033333
2026-02-01T04:15:00.000Z,4.22,5.886666667,7.723333333,12.615,53.68166667
2026-02-01T04:30:00.000Z,3.846666667,5.94,6.313333333,12.92633333,52.34133333
2026-02-01T04:45:00.000Z,3.983333333,5.636666667,6.746666667,12.947,51.84833333
2026-02-01T05:00:00.000Z,4.176666667,5.35,6.82,12.883,51.902
2026-02-01T05:15:00.000Z,3.556666667,4.876666667,6.263333333,12.70833333,52.10933333
2026-02-01T05:30:00.000Z,3.803333333,4.6,7.056666667,12.95333333,51.42366667
2026-02-01T05:45:00.000Z,4.093333333,5.566666667,7.26,12.75666667,52.065
2026-02-01T06:00:00.000Z,4.49,5.91,8.723333333,12.53566667,52.81933333
2026-02-01T06:15:00.000Z,4.64,6.47,8,12.18133333,53.69533333
2026-02-01T06:30:00.000Z,5.02,7.206666667,8.803333333,11.85266667,54.67033333
2026-02-01T06:45:00.000Z,4.323333333,5.7,8.126666667,12.007,54.69633333
2026-02-01T07:00:00.000Z,3.986666667,5.156666667,5.84,12.26733333,54.10133333
2026-02-01T07:15:00.000Z,4.066666667,5.69,8.24,12.20866667,54.43733333
2026-02-01T07:30:00.000Z,4.196666667,5.726666667,8.043333333,12.366,54.12333333
2026-02-01T07:45:00.000Z,4.466666667,6.53,7.68,12.482,53.74966667
2026-02-01T08:00:00.000Z,4.196666667,4.76,6.763333333,12.65666667,53.72333333
2026-02-01T08:15:00.000Z,5.483333333,7.536666667,10.15,12.893,53.34166667
2026-02-01T08:30:00.000Z,4.466666667,5.853333333,7.926666667,13.134,52.70466667
2026-02-01T08:45:00.000Z,3.406666667,4.666666667,6.553333333,13.12633333,51.99
2026-02-01T09:00:00.000Z,3.193333333,4.263333333,5.543333333,13.17,51.29033333
2026-02-01T09:15:00.000Z,3.03,3.643333333,6.036666667,13.76,50.432
2026-02-01T09:30:00.000Z,2.463333333,3.666666667,4.96,14.32433333,49.03933333
2026-02-01T09:45:00.000Z,2.2,2.723333333,3.906666667,15.208,47.60866667
2026-02-01T10:00:00.000Z,2.31,3.553333333,5.016666667,15.80466667,45.655
2026-02-01T10:15:00.000Z,2.466666667,3.623333333,4.62,16.679,44.097
2026-02-01T10:30:00.000Z,2.33,2.84,3.436666667,18.032,42.647
2026-02-01T10:45:00.000Z,2.386666667,3.663333333,4.413333333,18.61466667,40.182
2026-02-01T11:00:00.000Z,2.113333333,3.213333333,4.79,19.25833333,39.165
2026-02-01T11:15:00.000Z,1.746666667,2.3,3.133333333,19.662,38.968
2026-02-01T11:30:00.000Z,2.016666667,2.903333333,4.276666667,19.90466667,38.83933333
2026-02-01T11:45:00.000Z,1.856666667,2.43,2.993333333,21.81933333,34.997
2026-02-01T12:00:00.000Z,1.6,2.146666667,3.12,24.93766667,29.68866667
2026-02-01T12:15:00.000Z,1.333333333,1.926666667,2.573333333,24.228,30.01066667
2026-02-01T12:30:00.000Z,1.086666667,1.706666667,2.48,28.262,24.038
2026-02-01T12:45:00.000Z,0.87,1.176666667,2.403333333,25.16,27.651
2026-02-01T13:00:00.000Z,0.78,1.16,1.173333333,26.231,26.42466667
2026-02-01T13:15:00.000Z,0.673333333,0.933333333,1.08,26.108,25.582
2026-02-01T13:30:00.000Z,0.65,0.89,1.293333333,23.22866667,28.80566667
2026-02-01T13:45:00.000Z,0.79,1.09,1.256666667,21.51366667,32.06066667
2026-02-01T14:00:00.000Z,0.756666667,1.5,1.68,22.16433333,31.58233333
2026-02-01T14:15:00.000Z,0.96,1.136666667,1.456666667,26.981,26.50533333
2026-02-01T14:30:00.000Z,0.653333333,0.946666667,1.27,27.527,25.81466667
2026-02-01T14:45:00.000Z,0.85,1.133333333,1.686666667,28.238,24.94266667
2026-02-01T15:00:00.000Z,0.62,0.883333333,1.603333333,27.844,24.707
2026-02-01T15:15:00.000Z,1.03,1.666666667,1.923333333,24.72866667,28.01266667
2026-02-01T15:30:00.000Z,1.03,1.533333333,1.793333333,21.55633333,31.49166667
2026-02-01T15:45:00.000Z,0.936666667,1.536666667,2.58,21.04433333,32.52066667
2026-02-01T16:00:00.000Z,1.283333333,1.613333333,2.403333333,19.00266667,35.84533333
2026-02-01T16:15:00.000Z,1.02,1.38,2.303333333,18.26066667,38.07366667
2026-02-01T16:30:00.000Z,1.193333333,1.44,1.613333333,17.81966667,39.68433333
2026-02-01T16:45:00.000Z,1.92,2.65,3.606666667,17.448,40.86933333
2026-02-01T17:00:00.000Z,1.346666667,1.656666667,2.176666667,17.144,41.19266667
2026-02-01T17:15:00.000Z,1.393333333,1.68,3.243333333,16.82033333,42.63666667
2026-02-01T17:30:00.000Z,1.273333333,1.52,2.04,16.64066667,42.682
2026-02-01T17:45:00.000Z,1.813333333,2.67,3.626666667,16.52566667,44.082
2026-02-01T18:00:00.000Z,2.146666667,2.766666667,4.076666667,16.41933333,45.94233333
2026-02-01T18:15:00.000Z,2.716666667,4.203333333,6.766666667,16.323,48.158
2026-02-01T18:30:00.000Z,3.083333333,5.033333333,8.373333333,16.30666667,50.53366667
2026-02-01T18:45:00.000Z,2.426666667,3.346666667,5.58,16.24233333,50.154
2026-02-01T19:00:00.000Z,3.47,4.783333333,6.733333333,16.12633333,50.38833333
2026-02-01T19:15:00.000Z,4.023333333,5.606666667,10.22666667,16.19966667,50.71033333
2026-02-01T19:30:00.000Z,14.24666667,18.68,21.41,15.605,49.84
2026-02-01T19:45:00.000Z,17.26,22.21333333,27.28333333,14.88133333,50.00566667
2026-02-01T20:00:00.000Z,12.95333333,16.28666667,20.74333333,14.48166667,51.26866667
2026-02-01T20:15:00.000Z,12.36666667,16.32666667,18.52666667,14.53966667,51.374
2026-02-01T20:30:00.000Z,12.39,16.18666667,19.32333333,14.31433333,52.01566667
2026-02-01T20:45:00.000Z,15.98666667,20.82666667,25.00333333,14.025,52.64866667
2026-02-01T21:00:00.000Z,15.91333333,20.02333333,23.29,13.59033333,53.73466667
2026-02-01T21:15:00.000Z,16.27,20.85666667,26.50666667,13.405,53.404
2026-02-01T21:30:00.000Z,16.91,21.04333333,25.72333333,13.392,54.39133333
2026-02-01T21:45:00.000Z,16.10666667,19.84666667,24.53333333,13.343,54.49033333
2026-02-01T22:00:00.000Z,15.55666667,19.99,23.70333333,13.43033333,54.37933333
2026-02-01T22:15:00.000Z,16.32,20.08,24.91333333,13.42166667,54.855
2026-02-01T22:30:00.000Z,16.73,20.69333333,25.57333333,13.39366667,54.891
2026-02-01T22:45:00.000Z,18.79,23.52333333,28.69666667,13.28466667,55.85433333
2026-02-01T23:00:00.000Z,15.2,19.91,22.11333333,13.20466667,55.64633333
2026-02-01T23:15:00.000Z,26.12666667,34.21333333,39.94333333,12.902,55.68466667
2026-02-01T23:30:00.000Z,24.52333333,33.05666667,41.00666667,12.743,56.20566667
2026-02-01T23:45:00.000Z,19.87333333,26.82,32.79333333,12.57666667,56.933
2026-02-02T00:00:00.000Z,22.03666667,25.84333333,34.48,12.463,57.55466667
2026-02-02T00:15:00.000Z,27.29333333,30.28666667,40.95333333,12.50133333,57.55833333
2026-02-02T00:30:00.000Z,14.88666667,16.53,22.36333333,12.61133333,58.04066667
2026-02-02T00:45:00.000Z,9.843333333,10.93,14.79,13.08666667,57.48333333
2026-02-02T01:00:00.000Z,9.15,10.91666667,14.52,13.501,57.10933333
2026-02-02T01:15:00.000Z,7.723333333,10.46666667,14.57666667,13.65166667,56.672
2026-02-02T01:30:00.000Z,8.63,12.02333333,17.2,13.91333333,56.559
2026-02-02T01:45:00.000Z,7.906666667,11.96333333,17.19666667,13.949,56.48866667
2026-02-02T02:00:00.000Z,6.806666667,8.926666667,11.79333333,14.19466667,55.90466667
2026-02-02T02:15:00.000Z,5.126666667,7.59,9.62,14.338,55.57
2026-02-02T02:30:00.000Z,4.383333333,6.493333333,9.246666667,14.59433333,55.105
2026-02-02T02:45:00.000Z,6.06,7.986666667,11.13,14.567,55.271
2026-02-02T03:00:00.000Z,6.173333333,8.376666667,11.73333333,14.46466667,55.378
2026-02-02T03:15:00.000Z,4.74,6.826666667,10.00333333,14.58366667,55.2
2026-02-02T03:30:00.000Z,5.346666667,8.856666667,12.94666667,14.351,55.566
2026-02-02T03:45:00.000Z,4.98,6.87,9.333333333,14.44733333,55.49666667
2026-02-02T04:00:00.000Z,6.516666667,9.46,13.11666667,14.45233333,55.23433333
2026-02-02T04:15:00.000Z,5.246666667,7.543333333,10.47333333,14.72266667,55.74466667
2026-02-02T04:30:00.000Z,3.99,5.926666667,10.08666667,15.04,56.30433333
2026-02-02T04:45:00.000Z,4.173333333,6.436666667,12.56,15.17166667,56.66366667
2026-02-02T05:00:00.000Z,3.923333333,5.706666667,14.66666667,15.14333333,56.63566667
2026-02-02T05:15:00.000Z,4.37,6.803333333,14.19,15.05066667,56.48966667
2026-02-02T05:30:00.000Z,5.063333333,8.023333333,12.70666667,14.69233333,56.58733333
2026-02-02T05:45:00.000Z,5.31,7.95,12.33,14.222,57.18233333
2026-02-02T06:00:00.000Z,5.133333333,5.7,7.723333333,14.11266667,57.86366667
2026-02-02T06:15:00.000Z,5.443333333,6.053333333,8.193333333,14.08166667,57.627
2026-02-02T06:30:00.000Z,5.286666667,5.873333333,7.963333333,14.07933333,57.783
2026-02-02T06:45:00.000Z,5.373333333,5.966666667,8.093333333,14.219,57.526
2026-02-02T07:00:00.000Z,5.16,5.733333333,7.77,14.344,57.335
2026-02-02T07:15:00.000Z,5.193333333,5.766666667,7.82,14.524,57.154
2026-02-02T07:30:00.000Z,4.796666667,7.08,12.96,14.76966667,56.305
2026-02-02T07:45:00.000Z,4.776666667,7.69,13.11666667,14.94,55.632
2026-02-02T08:00:00.000Z,4.75,7.19,16.45333333,15.19533333,54.79533333
2026-02-02T08:15:00.000Z,5.636666667,7.996666667,13.53,15.914,53.20533333
2026-02-02T08:30:00.000Z,4.86,7.516666667,10.81,15.94566667,53.014
2026-02-02T08:45:00.000Z,5.243333333,8.476666667,16.86666667,16.60566667,52.48666667
2026-02-02T09:00:00.000Z,4.546666667,7.06,12.05,17.45066667,51.317
2026-02-02T09:15:00.000Z,3.893333333,6.173333333,11.58333333,18.14633333,50.09833333
2026-02-02T09:30:00.000Z,3.283333333,5.126666667,10.23,18.16666667,49.41266667
2026-02-02T09:45:00.000Z,3.26,5.213333333,10.90666667,17.7,49.89866667
2026-02-02T10:00:00.000Z,4.05,6.22,11.78,18.60133333,47.33433333
2026-02-02T10:15:00.000Z,4.43,7.103333333,14.01333333,18.26733333,47.32733333
2026-02-02T10:30:00.000Z,4.03,6.103333333,11.25,18.531,47.04533333
2026-02-02T10:45:00.000Z,4.163333333,6.63,11.86333333,18.58066667,47.25433333
2026-02-02T11:00:00.000Z,4.27,6.526666667,10.76,18.29166667,47.688
2026-02-02T11:15:00.000Z,4.82,7.36,10.78333333,18.43766667,47.81966667
2026-02-02T11:30:00.000Z,4.656666667,7.39,12.93333333,18.248,48.32533333
2026-02-02T11:45:00.000Z,4.52,7.333333333,10.62,18.47033333,47.923
2026-02-02T12:00:00.000Z,4.946666667,7.86,14.79666667,18.18133333,47.87
2026-02-02T12:15:00.000Z,4.946666667,7.853333333,16.16333333,18.03533333,48.88066667
2026-02-02T12:30:00.000Z,4.946666667,7.83,13.83666667,17.92233333,49.756
2026-02-02T12:45:00.000Z,4.62,7.16,11.97,18.15833333,49.18733333
2026-02-02T13:00:00.000Z,4.91,8.293333333,14.71333333,18.042,49.639
2026-02-02T13:15:00.000Z,5.166666667,8.406666667,16.25333333,18.37733333,49.56066667
2026-02-02T13:30:00.000Z,5.176666667,9.386666667,16.13333333,18.34766667,49.86233333
2026-02-02T13:45:00.000Z,5.54,8.29,15.04,18.401,50.33066667
2026-02-02T14:00:00.000Z,5.703333333,9.623333333,17.96,17.914,53.61433333
2026-02-02T14:15:00.000Z,5.636666667,9.3,17.34333333,17.77166667,55.23033333
2026-02-02T14:30:00.000Z,6.076666667,9.77,17.28,17.56333333,55.36866667
2026-02-02T14:45:00.000Z,6.073333333,9.246666667,16.96,17.28333333,56.18
2026-02-02T15:00:00.000Z,6.19,10.47666667,22.89,17.157,57.245
2026-02-02T15:15:00.000Z,5.36,5.946666667,8.066666667,17.10466667,59.183
2026-02-02T15:30:00.000Z,4.923333333,5.466666667,7.41,16.94,59.56966667
2026-02-02T15:45:00.000Z,4.953333333,5.496666667,7.446666667,16.894,59.775
2026-02-02T16:00:00.000Z,5.39,6.003333333,8.106666667,16.59533333,61.402
2026-02-02T16:15:00.000Z,4.356666667,4.853333333,6.566666667,16.58333333,61.96366667
2026-02-02T16:30:00.000Z,3.123333333,3.48,4.72,16.589,62.543
2026-02-02T16:45:00.000Z,2.8,3.116666667,4.22,16.744,62.328
2026-02-02T17:00:00.000Z,4.016666667,4.463333333,6.046666667,16.66666667,62.372
2026-02-02T17:15:00.000Z,4.013333333,4.466666667,6.06,16.695,62.52166667
2026-02-02T17:30:00.000Z,3.91,4.346666667,5.893333333,16.85566667,62.81133333
2026-02-02T17:45:00.000Z,3.766666667,4.186666667,5.673333333,17.04266667,62.47133333
2026-02-02T18:00:00.000Z,4.03,4.466666667,6.073333333,17.19833333,62.44266667
2026-02-02T18:15:00.000Z,3.313333333,3.683333333,4.996666667,17.02533333,63.70933333
2026-02-02T18:30:00.000Z,2.583333333,2.866666667,3.9,17.08433333,63.784
2026-02-02T18:45:00.000Z,2.8,3.116666667,4.226666667,17.4,63.298
2026-02-02T19:00:00.000Z,3.983333333,4.43,6.016666667,17.38933333,64.05633333
2026-02-02T19:15:00.000Z,6.47,7.18,9.72,17.76433333,62.76866667
2026-02-02T19:30:00.000Z,5.336666667,5.936666667,8.04,17.80733333,62.78533333
2026-02-02T19:45:00.000Z,9.316666667,10.35333333,14.00666667,17.983,60.61066667
2026-02-02T20:00:00.000Z,9.31,10.34333333,13.99666667,18.21466667,59.98866667
2026-02-02T20:15:00.000Z,8.556666667,9.526666667,12.95,18.08233333,59.29233333
2026-02-02T20:30:00.000Z,7.486666667,11.13,22.00333333,18.25766667,57.62833333
2026-02-02T20:45:00.000Z,8.496666667,9.68,13.84,18.25666667,57.83633333
2026-02-02T21:00:00.000Z,8.146666667,12.21,24.4,18.30766667,57.40066667
2026-02-02T21:15:00.000Z,8.46,9.93,14.64333333,18.42633333,57.41866667
2026-02-02T21:30:00.000Z,9.1,14.52666667,28.61,18.376,57.19633333
2026-02-02T21:45:00.000Z,9.45,15.23666667,31.00333333,18.26866667,57.183
2026-02-02T22:00:00.000Z,10.11333333,16.87333333,36.46666667,18.155,57.35433333
2026-02-02T22:15:00.000Z,11.82666667,16.33333333,27.52333333,17.955,58.74466667
2026-02-02T22:30:00.000Z,12.18333333,14.98,23.82666667,18.06866667,59.166
2026-02-02T22:45:00.000Z,12.45,13.82333333,18.69,18.01333333,60.22533333
2026-02-02T23:00:00.000Z,12.05666667,13.39333333,18.11333333,17.90666667,61.48066667
2026-02-02T23:15:00.000Z,12.42666667,13.79333333,18.66666667,17.84833333,62.854
2026-02-02T23:30:00.000Z,7.216666667,8.003333333,10.84666667,17.52133333,64.98966667
2026-02-02T23:45:00.000Z,12.21333333,13.56666667,18.33666667,17.77466667,64.283
2026-02-03T00:00:00.000Z,13.24333333,14.70666667,19.9,18.09766667,63.322
2026-02-03T00:15:00.000Z,13.85,15.38666667,20.80666667,18.31633333,63.15566667
2026-02-03T00:30:00.000Z,12.36,13.70666667,18.55666667,18.241,60.681
2026-02-03T00:45:00.000Z,10.22333333,11.35666667,15.37,17.90966667,58.815
2026-02-03T01:00:00.000Z,10.51,11.67666667,15.79333333,17.80633333,57.91733333
2026-02-03T01:15:00.000Z,10.76333333,15.90666667,25.49,17.726,58.512
2026-02-03T01:30:00.000Z,11.24333333,14.39,24.31,17.594,57.97566667
2026-02-03T01:45:00.000Z,10.97333333,13.00333333,20.31666667,17.91966667,57.30233333
2026-02-03T02:00:00.000Z,10.36333333,18.58666667,34.57666667,17.87666667,56.19733333
2026-02-03T02:15:00.000Z,6.666666667,12.38666667,20.28333333,17.63266667,54.28866667
2026-02-03T02:30:00.000Z,5.216666667,8.973333333,16.64333333,17.267,54.83933333
2026-02-03T02:45:00.000Z,6.526666667,11.42333333,21.92,16.938,55.25266667
2026-02-03T03:00:00.000Z,1.966666667,3.043333333,5.526666667,16.85833333,50.03733333
2026-02-03T03:15:00.000Z,0.733333333,1.223333333,2.453333333,16.60533333,49.35433333
2026-02-03T03:30:00.000Z,0.733333333,1.066666667,2.34,16.19466667,49.938
2026-02-03T03:45:00.000Z,0.51,0.693333333,0.923333333,15.89833333,50.85366667
2026-02-03T04:00:00.000Z,0.643333333,0.8,1.796666667,15.329,52.947
2026-02-03T04:15:00.000Z,0.636666667,1.13,1.733333333,14.997,52.997
2026-02-03T04:30:00.000Z,0.566666667,1.003333333,1.62,14.759,53.29166667
2026-02-03T04:45:00.000Z,0.496666667,1.09,1.293333333,14.46433333,53.73
2026-02-03T05:00:00.000Z,0.786666667,1.143333333,1.236666667,14.261,54.375
2026-02-03T05:15:00.000Z,0.883333333,1.506666667,2.79,14.17,54.97033333
2026-02-03T05:30:00.000Z,0.813333333,1.4,2.043333333,14.04233333,55.086
2026-02-03T05:45:00.000Z,1.083333333,1.42,1.883333333,13.803,55.33066667
2026-02-03T06:00:00.000Z,1.166666667,1.723333333,1.886666667,13.64033333,55.222
2026-02-03T06:15:00.000Z,1.433333333,1.866666667,2.45,13.284,56.05266667
2026-02-03T06:30:00.000Z,1.703333333,2.096666667,2.976666667,12.974,56.827
2026-02-03T06:45:00.000Z,1.57,2.423333333,2.506666667,12.80933333,57.08
2026-02-03T07:00:00.000Z,2.276666667,2.55,3.456666667,12.861,57.17133333
2026-02-03T07:15:00.000Z,2.526666667,2.836666667,4.526666667,12.98133333,57.002
2026-02-03T07:30:00.000Z,2.626666667,3.033333333,4.396666667,13.182,56.77066667
2026-02-03T07:45:00.000Z,2.88,3.776666667,5.363333333,13.41833333,56.426
2026-02-03T08:00:00.000Z,3.166666667,4.143333333,5.14,13.85266667,56.11733333
2026-02-03T08:15:00.000Z,1.983333333,3.28,4.7,15.15333333,53.67066667
2026-02-03T08:30:00.000Z,1.716666667,2.653333333,3.69,16.124,51.89266667
2026-02-03T08:45:00.000Z,1.786666667,2.386666667,4.593333333,16.835,50.281
2026-02-03T09:00:00.000Z,1.716666667,2.613333333,3.69,17.37733333,49.70566667
2026-02-03T09:15:00.000Z,2.486666667,3.656666667,4.856666667,17.60333333,49.14166667
2026-02-03T09:30:00.000Z,2.32,3.49,6.233333333,18.065,48.42533333
2026-02-03T09:45:00.000Z,2.613333333,3.536666667,5.576666667,19.096,47.353
2026-02-03T10:00:00.000Z,3.333333333,4.97,9.623333333,19.902,46.06633333
2026-02-03T10:15:00.000Z,3.603333333,6,11.08,19.83566667,46.34333333
2026-02-03T10:30:00.000Z,4.236666667,5.83,12.37,20.226,46.07733333
2026-02-03T10:45:00.000Z,4.366666667,6.273333333,11.79,20.84566667,44.66366667
2026-02-03T11:00:00.000Z,3.243333333,6.11,9.16,21.159,43.383
2026-02-03T11:15:00.000Z,2.56,3.683333333,8.123333333,21.27566667,41.79466667
2026-02-03T11:30:00.000Z,2.486666667,3.796666667,9.896666667,22.42366667,39.912
2026-02-03T11:45:00.000Z,2.866666667,4.386666667,9.966666667,24.58066667,34.968
2026-02-03T12:00:00.000Z,2.38,3.583333333,6.156666667,28.35433333,28.97466667
2026-02-03T12:15:00.000Z,2.26,3.56,6.063333333,26.16666667,31.496
2026-02-03T12:30:00.000Z,2.716666667,4.073333333,7.18,31.232,24.52266667
2026-02-03T12:45:00.000Z,2.26,3.243333333,4.796666667,32.25366667,23.142
2026-02-03T13:00:00.000Z,2.406666667,3.75,5.946666667,32.70066667,22.50066667
2026-02-03T13:15:00.000Z,1.73,2.926666667,3.55,30.51366667,25.32966667
2026-02-03T13:30:00.000Z,1.84,2.843333333,5.543333333,31.42266667,23.47933333
2026-02-03T13:45:00.000Z,1.73,2.26,4.7,32.25366667,23.16866667
2026-02-03T14:00:00.000Z,1.816666667,2.566666667,4.63,31.199,23.867
2026-02-03T14:15:00.000Z,2.18,2.926666667,5.033333333,29.31433333,25.68133333
2026-02-03T14:30:00.000Z,1.88,2.273333333,4.636666667,24.32566667,32.102
2026-02-03T14:45:00.000Z,2.273333333,3.286666667,7.54,22.17133333,36.516
2026-02-03T15:00:00.000Z,3.036666667,4.37,8.623333333,20.93066667,43.46333333
2026-02-03T15:15:00.000Z,3.976666667,6.6,13.74,20.545,45.382
2026-02-03T15:30:00.000Z,4.973333333,6.896666667,12.70333333,20.40633333,45.73633333
2026-02-03T15:45:00.000Z,4.646666667,7.186666667,17.28,20.24066667,45.50433333
2026-02-03T16:00:00.000Z,5.25,8.756666667,16.08,19.25533333,47.17366667
2026-02-03T16:15:00.000Z,5.126666667,7.946666667,15.14333333,18.46266667,48.48466667
2026-02-03T16:30:00.000Z,5.433333333,8.96,15.26333333,18.01166667,49.706
2026-02-03T16:45:00.000Z,5.196666667,8.643333333,19.85666667,17.83833333,50.26433333
2026-02-03T17:00:00.000Z,5.486666667,9.32,18.82666667,17.625,50.953
2026-02-03T17:15:00.000Z,5.103333333,8.666666667,18.63,17.73833333,50.85
2026-02-03T17:30:00.000Z,5.77,8.983333333,16.33333333,17.74066667,50.961
2026-02-03T17:45:00.000Z,5.016666667,8.396666667,18.57333333,17.55733333,51.34233333
2026-02-03T18:00:00.000Z,4.703333333,7.293333333,13.10666667,17.657,50.55266667
2026-02-03T18:15:00.000Z,4.626666667,7.233333333,12.77666667,17.57,50.177
2026-02-03T18:30:00.000Z,4.206666667,6.713333333,12.31333333,17.602,50.802
2026-02-03T18:45:00.000Z,4.783333333,8.426666667,16.26666667,17.29066667,51.52466667
2026-02-03T19:00:00.000Z,3.98,5.986666667,14.36,17.37766667,50.857
2026-02-03T19:15:00.000Z,3.523333333,6.08,10.53,17.18833333,50.874
2026-02-03T19:30:00.000Z,5.143333333,7.983333333,15.74666667,16.94733333,51.45666667
2026-02-03T19:45:00.000Z,4.193333333,6.123333333,9.34,16.96666667,51.41333333
2026-02-03T20:00:00.000Z,5.35,8.336666667,14.18666667,16.957,53.28166667
2026-02-03T20:15:00.000Z,3.693333333,6.413333333,13.27666667,16.79466667,54.85466667
2026-02-03T20:30:00.000Z,3.943333333,6.496666667,11.74666667,16.863,54.90033333
2026-02-03T20:45:00.000Z,4.24,6.416666667,13.63,16.94666667,54.115
2026-02-03T21:00:00.000Z,3.78,6.076666667,11.57333333,16.98833333,52.702
2026-02-03T21:15:00.000Z,3.973333333,7.25,12.48666667,16.82466667,52.573
2026-02-03T21:30:00.000Z,3.78,6.356666667,14.41,16.91066667,52.52366667
2026-02-03T21:45:00.000Z,3.203333333,4.933333333,12.26666667,16.84333333,52.638
2026-02-03T22:00:00.000Z,3.716666667,6.58,12.99666667,16.80433333,52.527
2026-02-03T22:15:00.000Z,3.15,4.683333333,8.64,16.97833333,52.02833333
2026-02-03T22:30:00.000Z,3.473333333,5.706666667,11.03666667,16.86033333,52.24133333
2026-02-03T22:45:00.000Z,3.55,6.036666667,11.65,17.11666667,51.87366667
2026-02-03T23:00:00.000Z,3.46,5.983333333,12.19666667,17.06666667,52.52666667
2026-02-03T23:15:00.000Z,4.13,6.436666667,12.15666667,16.80733333,53.68666667
2026-02-03T23:30:00.000Z,3.78,6.39,10.84333333,16.83433333,54.37733333
2026-02-03T23:45:00.000Z,3.743333333,6.54,12.61333333,16.458,54.851
2026-02-04T00:00:00.000Z,4.43,7.72,16.13333333,16.089,56.87466667
2026-02-04T00:15:00.000Z,4.146666667,6.336666667,13.06666667,15.972,56.83866667
2026-02-04T00:30:00.000Z,3.883333333,6.38,13.29666667,15.971,56.51733333
2026-02-04T00:45:00.000Z,3.696666667,6.196666667,13.66666667,16.23933333,55.92233333
2026-02-04T01:00:00.000Z,3.356666667,5.08,10.85666667,15.91033333,57.32666667
2026-02-04T01:15:00.000Z,3.246666667,3.62,4.91,15.597,58.566
2026-02-04T01:30:00.000Z,3.44,3.836666667,5.193333333,15.48466667,58.79566667
2026-02-04T01:45:00.000Z,3.193333333,3.783333333,6.053333333,15.40466667,57.892
2026-02-04T02:00:00.000Z,2.88,3.206666667,4.346666667,15.22733333,57.84866667
2026-02-04T02:15:00.000Z,2.903333333,3.22,4.376666667,15.23933333,58.327
2026-02-04T02:30:00.000Z,2.473333333,2.753333333,3.736666667,15.28566667,58.14033333
2026-02-04T02:45:00.000Z,2.42,2.693333333,3.656666667,15.34933333,57.638
2026-02-04T03:00:00.000Z,2.403333333,2.673333333,3.68,15.26966667,57.57433333
2026-02-04T03:15:00.000Z,2.14,2.396666667,3.233333333,15.152,58.04366667
2026-02-04T03:30:00.000Z,2.063333333,2.286666667,3.113333333,15.10466667,59.05866667
2026-02-04T03:45:00.000Z,1.7,1.9,2.576666667,14.87633333,58.761
2026-02-04T04:00:00.000Z,1.866666667,2.063333333,2.8,14.582,58.852
2026-02-04T04:15:00.000Z,2.17,2.396666667,3.263333333,14.355,59.20466667
2026-02-04T04:30:00.000Z,1.9,2.106666667,2.883333333,14.26966667,58.96333333
2026-02-04T04:45:00.000Z,2.01,2.243333333,3.04,14.251,58.78733333
2026-02-04T05:00:00.000Z,1.906666667,2.113333333,2.883333333,14.278,58.52566667
2026-02-04T05:15:00.000Z,1.96,2.186666667,2.963333333,14.168,58.45433333
2026-02-04T05:30:00.000Z,1.766666667,1.966666667,2.676666667,14.15266667,58.61
2026-02-04T05:45:00.000Z,1.746666667,1.936666667,2.65,14.14,58.16066667
2026-02-04T06:00:00.000Z,1.68,1.87,2.546666667,14.03533333,58.20833333
2026-02-04T06:15:00.000Z,1.416666667,1.58,2.156666667,13.943,58.012
2026-02-04T06:30:00.000Z,1.126666667,1.546666667,1.903333333,13.88533333,57.354
2026-02-04T06:45:00.000Z,1.193333333,1.78,4.57,13.75833333,56.70033333
2026-02-04T07:00:00.000Z,1.07,1.663333333,2.206666667,13.77666667,56.45633333
2026-02-04T07:15:00.000Z,1.173333333,1.45,2.12,13.69666667,56.537
2026-02-04T07:30:00.000Z,1.313333333,1.72,3.01,13.57166667,56.4
2026-02-04T07:45:00.000Z,1.3,1.873333333,2.846666667,13.998,55.34566667
2026-02-04T08:00:00.000Z,1.256666667,1.873333333,3.043333333,14.48766667,54.61666667
2026-02-04T08:15:00.000Z,1.146666667,1.963333333,2.476666667,15.23,52.972
2026-02-04T08:30:00.000Z,1.493333333,2.14,3.4,15.84033333,51.72766667
2026-02-04T08:45:00.000Z,1.376666667,1.73,4.133333333,16.231,50.87333333
2026-02-04T09:00:00.000Z,1.966666667,3.06,4.576666667,16.38433333,50.44133333
2026-02-04T09:15:00.000Z,1.836666667,2.586666667,5.13,16.731,50.08866667
2026-02-04T09:30:00.000Z,1.696666667,2.723333333,4.516666667,17.089,49.71866667
2026-02-04T09:45:00.000Z,1.983333333,2.99,4.32,17.67866667,48.74533333
2026-02-04T10:00:00.000Z,1.316666667,2.153333333,3.76,18.643,46.78766667
2026-02-04T10:15:00.000Z,1.396666667,2.386666667,3.946666667,19.19,44.88166667
2026-02-04T10:30:00.000Z,1.153333333,1.51,2.273333333,19.08166667,44.04766667
2026-02-04T10:45:00.000Z,1.336666667,1.863333333,3.506666667,19.62133333,43.64066667
2026-02-04T11:00:00.000Z,1.57,2.596666667,3.186666667,18.646,45.139
2026-02-04T11:15:00.000Z,1.673333333,3.213333333,4.536666667,18.81766667,45.89433333
2026-02-04T11:30:00.000Z,1.506666667,2.683333333,3.906666667,18.13433333,46.96733333
2026-02-04T11:45:00.000Z,1.053333333,1.38,3.653333333,16.77266667,52.47033333
2026-02-04T12:00:00.000Z,1.086666667,1.993333333,3.85,17.09766667,53.53933333
2026-02-04T12:15:00.000Z,1.133333333,1.736666667,2.44,17.99366667,50.566
2026-02-04T12:30:00.000Z,0.976666667,1.743333333,3.163333333,17.88066667,49.90833333
2026-02-04T12:45:00.000Z,1.16,1.58,3.69,19.61833333,45.679
2026-02-04T13:00:00.000Z,0.893333333,1.41,1.88,18.65066667,46.78133333
2026-02-04T13:15:00.000Z,1.156666667,1.6,3.163333333,19.01733333,46.54033333
2026-02-04T13:30:00.000Z,1.3,1.846666667,3.75,18.10766667,48.65833333
2026-02-04T13:45:00.000Z,1.483333333,2.21,2.876666667,16.899,53.54433333
2026-02-04T14:00:00.000Z,1.796666667,3.03,5.07,16.36566667,55.478
2026-02-04T14:15:00.000Z,2.423333333,3.36,4.706666667,16.51,56.267
2026-02-04T14:30:00.000Z,2.083333333,3.12,4.896666667,16.805,55.94
2026-02-04T14:45:00.000Z,2.416666667,3.266666667,5.766666667,16.69266667,56.28333333
2026-02-04T15:00:00.000Z,3.086666667,4.286666667,7.766666667,16.701,56.36466667
2026-02-04T15:15:00.000Z,3.14,5.016666667,9.36,16.485,56.66466667
2026-02-04T15:30:00.000Z,2.94,4.1,7.583333333,16.23233333,57.575
2026-02-04T15:45:00.000Z,3.063333333,3.41,4.616666667,15.94366667,58.42866667
2026-02-04T16:00:00.000Z,2.63,3.21,4.523333333,16.08233333,57.26366667
2026-02-04T16:15:00.000Z,3.35,4.596666667,7.963333333,16.05733333,57.22466667
2026-02-04T16:30:00.000Z,2.473333333,3.296666667,5.086666667,16.08233333,56.874
2026-02-04T16:45:00.000Z,2.826666667,4.153333333,7.183333333,15.833,57.123
2026-02-04T17:00:00.000Z,2.446666667,3.443333333,6.846666667,15.63866667,57.09233333
2026-02-04T17:15:00.000Z,3.546666667,3.936666667,5.343333333,15.49633333,57.598
2026-02-04T17:30:00.000Z,3.106666667,3.473333333,4.703333333,15.63566667,57.46166667
2026-02-04T17:45:00.000Z,2.63,2.863333333,4.796666667,15.53833333,57.62366667
2026-02-04T18:00:00.000Z,3.353333333,3.73,5.05,15.524,58.00533333
2026-02-04T18:15:00.000Z,3.033333333,3.39,4.596666667,15.41433333,59.56233333
2026-02-04T18:30:00.000Z,2.34,2.61,3.54,15.24333333,59.90833333
2026-02-04T18:45:00.000Z,3.98,4.42,5.993333333,15.27233333,59.88433333
2026-02-04T19:00:00.000Z,6.213333333,6.91,9.353333333,15.21533333,60.16466667
2026-02-04T19:15:00.000Z,5.153333333,5.726666667,7.756666667,15.146,60.19966667
2026-02-04T19:30:00.000Z,5.663333333,6.3,8.536666667,15.067,60.18966667
2026-02-04T19:45:00.000Z,4.326666667,4.813333333,6.496666667,14.88866667,60.134
2026-02-04T20:00:00.000Z,3.283333333,3.65,4.95,14.84266667,59.91066667
2026-02-04T20:15:00.000Z,3.996666667,4.446666667,6.016666667,14.78733333,59.96033333
2026-02-04T20:30:00.000Z,3.57,3.956666667,5.366666667,14.65633333,59.906
2026-02-04T20:45:00.000Z,2.4,2.67,3.616666667,14.66866667,59.57633333
2026-02-04T21:00:00.000Z,2.486666667,2.77,3.756666667,14.58033333,59.70333333
2026-02-04T21:15:00.000Z,2.533333333,2.823333333,3.82,14.60066667,59.26433333
2026-02-04T21:30:00.000Z,2.75,3.043333333,4.146666667,14.62966667,59.25366667
2026-02-04T21:45:00.000Z,3.086666667,3.436666667,4.663333333,14.67266667,59.27366667
2026-02-04T22:00:00.000Z,5.076666667,5.636666667,7.633333333,14.786,58.75733333
2026-02-04T22:15:00.000Z,3.956666667,4.393333333,5.953333333,14.88866667,59.06566667
2026-02-04T22:30:00.000Z,4.93,5.486666667,7.43,14.797,59.674
2026-02-04T22:45:00.000Z,7.073333333,7.843333333,10.62333333,14.72233333,60.238
2026-02-04T23:00:00.000Z,6.223333333,6.916666667,9.35,14.69166667,60.25066667
2026-02-04T23:15:00.000Z,5.63,6.243333333,8.463333333,14.75,60.23566667
2026-02-04T23:30:00.000Z,3.593333333,3.986666667,5.406666667,14.876,60.04133333
2026-02-04T23:45:00.000Z,5.033333333,5.59,7.573333333,14.78,60.08433333
2026-02-05T00:00:00.000Z,6.376666667,7.093333333,9.6,14.48566667,60.69866667
2026-02-05T00:15:00.000Z,8.006666667,8.893333333,12.04,14.09666667,61.24933333
2026-02-05T00:30:00.000Z,7.133333333,7.923333333,10.72,13.77033333,61.474
2026-02-05T00:45:00.000Z,4.37,4.846666667,6.57,13.585,61.29033333
2026-02-05T01:00:00.000Z,2.986666667,3.303333333,4.496666667,13.54366667,60.96466667
2026-02-05T01:15:00.000Z,1.706666667,1.9,2.576666667,13.32566667,61.005
2026-02-05T01:30:00.000Z,3.01,3.36,4.55,13.25766667,61.151
2026-02-05T01:45:00.000Z,6.12,6.796666667,9.186666667,13.227,61.132
2026-02-05T02:00:00.000Z,5.62,6.263333333,8.47,13.14766667,60.95866667
2026-02-05T02:15:00.000Z,5.266666667,5.863333333,7.94,13.04466667,61.147
2026-02-05T02:30:00.000Z,5.6,6.226666667,8.423333333,12.98666667,61.143
2026-02-05T02:45:00.000Z,5.51,6.116666667,8.29,12.77366667,61.222
2026-02-05T03:00:00.000Z,5.303333333,5.89,7.976666667,12.649,61.41066667
2026-02-05T03:15:00.000Z,4.096666667,4.553333333,6.163333333,12.582,61.44266667
2026-02-05T03:30:00.000Z,3.61,4.013333333,5.426666667,12.456,61.43066667
2026-02-05T03:45:00.000Z,3.176666667,3.54,4.796666667,12.33866667,61.33266667
2026-02-05T04:00:00.000Z,2.956666667,3.27,4.456666667,12.26066667,61.21766667
2026-02-05T04:15:00.000Z,2.893333333,3.226666667,4.38,12.193,61.461
2026-02-05T04:30:00.000Z,3.233333333,3.6,4.873333333,12.07066667,61.687
2026-02-05T04:45:00.000Z,3.113333333,3.46,4.693333333,12.076,61.44733333
2026-02-05T05:00:00.000Z,2.353333333,2.613333333,3.56,12.126,60.97533333
2026-02-05T05:15:00.000Z,3.253333333,3.603333333,4.906666667,11.84933333,60.98066667
2026-02-05T05:30:00.000Z,3.353333333,3.73,5.056666667,11.70133333,61.05633333
2026-02-05T05:45:00.000Z,2.856666667,3.183333333,4.316666667,11.62633333,61.33533333
2026-02-05T06:00:00.000Z,2.75,3.07,4.15,11.61766667,61.27466667
2026-02-05T06:15:00.000Z,2.833333333,3.143333333,4.26,11.587,61.221
2026-02-05T06:30:00.000Z,3.116666667,3.476666667,4.71,11.55333333,61.29566667
2026-02-05T06:45:00.000Z,2.626666667,2.913333333,3.966666667,11.58866667,61.63033333
2026-02-05T07:00:00.000Z,3.583333333,3.98,5.403333333,11.71,61.45633333
2026-02-05T07:15:00.000Z,4.316666667,4.793333333,6.503333333,11.974,60.919
2026-02-05T07:30:00.000Z,3.956666667,4.386666667,5.953333333,12.39833333,60.55766667
2026-02-05T07:45:00.000Z,3.33,3.706666667,5.023333333,12.63133333,60.266
2026-02-05T08:00:00.000Z,5.896666667,6.553333333,8.88,12.739,60.079
2026-02-05T08:15:00.000Z,2.766666667,3.086666667,4.18,13.64433333,59.187
2026-02-05T08:30:00.000Z,3.303333333,3.683333333,4.993333333,14.07866667,58.26033333
2026-02-05T08:45:00.000Z,4.226666667,4.683333333,6.363333333,14.13633333,57.71166667
2026-02-05T09:00:00.000Z,5.096666667,6.973333333,8.326666667,14.53733333,56.908
2026-02-05T09:15:00.000Z,3.803333333,5.593333333,6.51,15.089,56.50766667
2026-02-05T09:30:00.000Z,2.796666667,3.643333333,4.366666667,16.56866667,55.451
2026-02-05T09:45:00.000Z,3.623333333,4.873333333,6.65,17.62,53.32
2026-02-05T10:00:00.000Z,3.89,4.96,6.77,18.44833333,51.66233333
2026-02-05T10:15:00.000Z,2.273333333,3.223333333,5.366666667,19.18033333,49.53333333
2026-02-05T10:30:00.000Z,2.036666667,3.173333333,3.806666667,19.49066667,48.591
2026-02-05T10:45:00.000Z,2.506666667,3.283333333,5.223333333,19.256,48.87066667
2026-02-05T11:00:00.000Z,3.3,4.646666667,6.45,19.275,48.4
2026-02-05T11:15:00.000Z,2.73,3.62,5.61,19.693,48.219
2026-02-05T11:30:00.000Z,3.803333333,5.443333333,6.31,20.08866667,47.59466667
2026-02-05T11:45:00.000Z,2.683333333,4.153333333,6.133333333,19.66466667,48.302
2026-02-05T12:00:00.000Z,2.076666667,3.07,5.263333333,19.272,49.63866667
2026-02-05T12:15:00.000Z,2.24,3.806666667,6.716666667,19.25966667,48.91633333
2026-02-05T12:30:00.000Z,1.88,2.893333333,4.953333333,19.16733333,49.25533333
2026-02-05T12:45:00.000Z,2.346666667,3.41,5.23,19.09266667,48.508
2026-02-05T13:00:00.000Z,2.31,3.72,5.956666667,18.767,48.59333333
2026-02-05T13:15:00.000Z,2.643333333,4.173333333,7.23,18.67466667,48.73033333
2026-02-05T13:30:00.000Z,2.836666667,5.17,7.926666667,18.38866667,50.837
2026-02-05T13:45:00.000Z,3.306666667,4.983333333,9.183333333,18.079,52.23233333
2026-02-05T14:00:00.000Z,3.41,4.46,10.28,18.32066667,52.79266667
2026-02-05T14:15:00.000Z,3.466666667,5.613333333,9.19,18.176,54.71433333
2026-02-05T14:30:00.000Z,4.213333333,5.78,11.73,17.404,58.153
2026-02-05T14:45:00.000Z,3.973333333,4.423333333,5.99,17.03533333,60.36033333
2026-02-05T15:00:00.000Z,3.293333333,3.656666667,4.963333333,16.889,61.71433333
2026-02-05T15:15:00.000Z,2.793333333,3.1,4.223333333,16.91933333,62.56333333
2026-02-05T15:30:00.000Z,2.606666667,2.903333333,3.936666667,16.80133333,62.68233333
2026-02-05T15:45:00.000Z,2.643333333,2.93,3.966666667,16.92733333,62.52133333
2026-02-05T16:00:00.000Z,1.73,1.923333333,2.623333333,16.4,62.761
2026-02-05T16:15:00.000Z,1.033333333,1.153333333,1.576666667,16.428,62.43366667
2026-02-05T16:30:00.000Z,1.296666667,1.446666667,1.973333333,16.017,64.30133333
2026-02-05T16:45:00.000Z,0.686666667,0.756666667,1.046666667,16.21133333,63.21466667
2026-02-05T17:00:00.000Z,0.44,0.5,0.686666667,15.974,64.41333333
2026-02-05T17:15:00.000Z,0.656666667,0.74,1.023333333,16.20166667,64.021
2026-02-05T17:30:00.000Z,0.623333333,0.696666667,0.966666667,16.20033333,64.48466667
2026-02-05T17:45:00.000Z,0.683333333,0.766666667,1.046666667,16.042,65.55333333
2026-02-05T18:00:00.000Z,0.67,0.74,1.04,16.56533333,64.906
2026-02-05T18:15:00.000Z,0.63,0.713333333,0.98,16.96,64.588
2026-02-05T18:30:00.000Z,0.973333333,1.09,1.48,17.359,63.97733333
2026-02-05T18:45:00.000Z,2.306666667,2.553333333,3.476666667,17.636,65.848
2026-02-05T19:00:00.000Z,16.95,18.82666667,25.45,18.08566667,66.93233333
2026-02-05T19:15:00.000Z,15.44666667,17.15,23.19,18.38066667,66.07
2026-02-05T19:30:00.000Z,11.28333333,12.53333333,16.95,18.717,64.71833333
2026-02-05T19:45:00.000Z,8.306666667,9.223333333,12.49,18.47466667,64.37266667
2026-02-05T20:00:00.000Z,5.226666667,5.8,7.86,18.365,63.432
2026-02-05T20:15:00.000Z,2.92,3.24,4.406666667,17.93266667,62.63266667
2026-02-05T20:30:00.000Z,2.776666667,3.096666667,4.19,17.51166667,62.52433333
2026-02-05T20:45:00.000Z,1.793333333,1.99,2.713333333,17.297,62.325
2026-02-05T21:00:00.000Z,1.76,1.956666667,2.666666667,17.074,62.17233333
2026-02-05T21:15:00.000Z,1.643333333,1.83,2.496666667,16.77,62.00266667
2026-02-05T21:30:00.000Z,2.05,2.283333333,3.096666667,16.62,62.083
2026-02-05T21:45:00.000Z,3.583333333,3.986666667,5.39,16.35966667,62.205
2026-02-05T22:00:00.000Z,3.353333333,3.71,5.053333333,16.08466667,61.95666667
2026-02-05T22:15:00.000Z,2.626666667,2.92,3.973333333,15.712,62.17333333
2026-02-05T22:30:00.000Z,3.08,3.426666667,4.653333333,15.52,62.28766667
2026-02-05T22:45:00.000Z,3.2,3.55,4.826666667,15.311,62.28333333
2026-02-05T23:00:00.000Z,3.426666667,3.813333333,5.166666667,15.25633333,62.138
2026-02-05T23:15:00.000Z,1.89,2.096666667,2.86,15.23366667,61.85766667
2026-02-05T23:30:00.000Z,1.68,1.866666667,2.546666667,15.15166667,61.52933333
2026-02-05T23:45:00.000Z,1.983333333,2.21,3.003333333,14.88933333,61.05666667
2026-02-06T00:00:00.000Z,1.736666667,1.93,2.616666667,14.47433333,61.146
2026-02-06T00:15:00.000Z,1.3,1.45,1.98,14.244,61.132
2026-02-06T00:30:00.000Z,1.546666667,1.726666667,2.346666667,13.97833333,61.51533333
2026-02-06T00:45:00.000Z,1.826666667,2.03,2.763333333,13.854,61.61966667
2026-02-06T01:00:00.000Z,2.146666667,2.38,3.226666667,13.82433333,62.049
2026-02-06T01:15:00.000Z,1.62,1.793333333,2.446666667,13.87133333,61.822
2026-02-06T01:30:00.000Z,1.086666667,1.206666667,1.653333333,13.792,61.06066667
2026-02-06T01:45:00.000Z,1.486666667,1.656666667,2.26,13.678,60.81366667
2026-02-06T02:00:00.000Z,4.87,5.413333333,7.33,13.57366667,62.063
2026-02-06T02:15:00.000Z,4.086666667,4.55,6.156666667,13.91933333,61.67
2026-02-06T02:30:00.000Z,4.47,4.966666667,6.726666667,14.01533333,61.881
2026-02-06T02:45:00.000Z,3.87,4.296666667,5.816666667,13.95266667,62.025
2026-02-06T03:00:00.000Z,1.563333333,1.756666667,2.38,14.319,60.82566667
2026-02-06T03:15:00.000Z,1.073333333,1.2,1.633333333,14.653,60.59866667
2026-02-06T03:30:00.000Z,0.816666667,0.906666667,1.24,14.728,60.81633333
2026-02-06T03:45:00.000Z,1.176666667,1.303333333,1.793333333,14.56433333,60.98566667
2026-02-06T04:00:00.000Z,1.703333333,1.903333333,2.586666667,14.26833333,61.23966667
2026-02-06T04:15:00.000Z,2.303333333,2.553333333,3.476666667,14.07966667,61.312
2026-02-06T04:30:00.000Z,0.98,1.096666667,1.496666667,14.035,60.94066667
2026-02-06T04:45:00.000Z,0.936666667,1.036666667,1.42,13.91166667,60.96566667
2026-02-06T05:00:00.000Z,1.49,1.66,2.26,13.72333333,61.212
2026-02-06T05:15:00.000Z,1.023333333,1.14,1.556666667,13.59066667,61.24866667
2026-02-06T05:30:00.000Z,1.153333333,1.3,1.75,13.496,61.22266667
2026-02-06T05:45:00.000Z,1.483333333,1.643333333,2.263333333,13.40833333,60.98533333
2026-02-06T06:00:00.000Z,1.6,1.766666667,2.42,13.355,61.07566667
2026-02-06T06:15:00.000Z,1.72,1.916666667,2.606666667,13.51833333,61.057
2026-02-06T06:30:00.000Z,1.073333333,1.186666667,1.636666667,13.57933333,61.032
2026-02-06T06:45:00.000Z,1.266666667,1.41,1.933333333,13.46666667,60.912
2026-02-06T07:00:00.000Z,1.603333333,1.77,2.416666667,13.34966667,61.17133333
2026-02-06T07:15:00.000Z,1.516666667,1.686666667,2.3,13.49,60.87533333
2026-02-06T07:30:00.000Z,2.546666667,2.833333333,3.853333333,13.62533333,61.113
2026-02-06T07:45:00.000Z,2.946666667,3.27,4.443333333,13.946,61.20833333
2026-02-06T08:00:00.000Z,3.263333333,3.64,4.923333333,14.48566667,61.18366667
2026-02-06T08:15:00.000Z,3.826666667,4.243333333,5.77,15.44133333,60.023
2026-02-06T08:30:00.000Z,2.423333333,2.856666667,3.78,15.90533333,58.48233333
2026-02-06T08:45:00.000Z,2.756666667,3.383333333,4.396666667,16.48366667,56.95333333
2026-02-06T09:00:00.000Z,2.806666667,4.253333333,5.446666667,16.90533333,56.43966667
2026-02-06T09:15:00.000Z,2.486666667,3.74,4.906666667,17.00566667,54.63033333
2026-02-06T09:30:00.000Z,2.276666667,3.48,4.723333333,17.56666667,53.42833333
2026-02-06T09:45:00.000Z,2.473333333,3.75,4.926666667,18.41833333,51.83233333
2026-02-06T10:00:00.000Z,2.623333333,3.75,6.866666667,18.66166667,49.83366667
2026-02-06T10:15:00.000Z,2.666666667,3.47,4.346666667,19.50033333,48.47433333
2026-02-06T10:30:00.000Z,2.846666667,3.956666667,6.45,19.91966667,47.28666667
2026-02-06T10:45:00.000Z,2.843333333,4.083333333,6.18,20.84433333,45.04533333
2026-02-06T11:00:00.000Z,2.63,4.28,7.093333333,20.701,44.86133333
2026-02-06T11:15:00.000Z,2.386666667,3.26,5.29,20.15833333,46.25866667
2026-02-06T11:30:00.000Z,2.196666667,3.17,4.97,22.146,43.69666667
2026-02-06T11:45:00.000Z,2.91,4.556666667,6.796666667,21.927,43.339
2026-02-06T12:00:00.000Z,3.346666667,4.993333333,7.676666667,21.64533333,43.78866667
2026-02-06T12:15:00.000Z,3.726666667,5.796666667,11.01333333,20.46366667,45.44266667
2026-02-06T12:30:00.000Z,4.123333333,5.936666667,10.98,20.22133333,46.56966667
2026-02-06T12:45:00.000Z,4.52,6.383333333,10.74,20.29033333,45.80133333
2026-02-06T13:00:00.000Z,2.623333333,4.066666667,6.06,22.48033333,42.071
